,ean,ctr
0,5909990244713,0
1,5909990893423,0
2,5909990893386,0
3,5909990285518,0
4,5909990285419,0
5,5909991370916,0
6,5909991370954,0
7,5909990109920,0
8,5909990110018,0
9,5909990055715,0
10,5909991413590,0
11,5909991413675,0
12,5909991413736,0
13,5909991049515,0
14,5909991052218,0
15,5909990835782,0
16,5909990840014,0
17,5909990840113,0
18,5909990840229,0
19,5909990072156,0
20,5909990623112,0
21,5909990737673,0
22,5909991081713,0
23,5909991087418,0
24,5909991087425,0
25,5909991032517,0
26,5909990109319,0
27,5909990109210,0
28,5909991227272,0
29,5909991227319,0
30,5909991203924,0
31,5909990414741,0
32,5909991314675,0
33,5909990798223,0
34,5909991325794,0
35,5909991325770,0
36,5909990023813,0
38,5909990244317,0
40,5909990244416,0
42,5909990694327,0
44,5909991210328,0
46,5909991229610,0
48,5909990694426,0
50,5909990425693,0
52,5909990425754,0
54,5909990425709,0
56,5909990425730,0
58,5909990425747,0
60,5909991228392,0
61,5909991103163,0
62,5909990975730,0
63,5909990975747,0
64,5909990948994,0
65,5909990907755,0
66,5909990907731,0
67,5909990907786,0
68,5909990907762,0
69,5909990697021,0
70,5909990854462,0
71,5909990696925,0
72,5909991069711,0
73,5909991388768,0
74,5901720140494,0
75,5909991387266,0
76,9008732009293,0
77,5995327174952,0
78,3838989699352,0
79,5909991419172,0
80,5909991391423,0
81,5909990001118,0
82,5909990746576,0
83,5909991291945,0
84,5909990619580,0
85,5909990812714,0
86,5909991288457,0
87,5909991392055,0
88,5909990837816,0
89,5909990109418,0
90,5909991316228,0
91,5907626706529,0
92,5907626706505,0
93,5907626706628,0
94,5907626706604,0
95,5909990163212,0
96,5909990414819,0
97,5909990320912,0
98,5909990206025,0
99,5909990373819,0
100,5909990086818,0
101,5909991412876,0
102,5909991412883,0
103,5909991412906,0
104,5909990762965,0
105,5909990762972,0
106,5909990762996,0
107,5909990762880,0
108,5909991348557,0
109,5909991348649,0
110,5909990840816,0
111,5909990840915,0
112,5909991466114,0
113,5909991452261,0
114,5909990841011,0
115,5909991410773,0
116,5909991410803,0
117,5909991322885,0
118,5909991322816,0
119,5909990642267,0
120,5909990642311,0
121,5909991099022,0
122,5909991302184,0
123,5909991436636,0
124,5909991067540,0
125,5909991098926,0
126,5909991295226,0
127,5909991436759,0
128,5909991067533,0
129,5909991295233,0
130,5909991008734,0
131,5909991008635,0
132,5909991068073,0
133,5909991068097,0
134,5909991067977,0
135,5909991067991,0
136,5909990800551,0
137,5909990800469,0
138,5909991392079,0
139,5909991392062,0
140,5909990842698,0
141,5909990842476,0
142,5909991361020,0
143,5909991464462,0
144,5909990048977,0
145,5909991361013,0
146,5909990048939,0
147,5909990799817,0
148,5909990799718,0
149,5909990907519,0
150,5909990907311,0
151,5909990907410,0
152,5909990993116,0
153,5909990993017,0
154,5909990963119,0
155,5909990963010,0
156,5909990421824,0
157,5909991283797,0
158,5909991042912,0
159,5909990621217,0
160,5909991342920,0
161,5909991342838,0
162,5909991342746,0
163,5907626708288,0
164,5907626709384,0
165,5907626708257,0
166,5907626709377,0
167,5907626708226,0
168,5907626709360,0
169,5907626709339,0
170,7613421033347,0
171,7613421033330,0
172,3838989708610,0
173,3838989708634,0
174,3838989708627,0
175,5909990691319,0
176,5909991089153,0
177,5909990691517,0
178,5909991089108,0
179,5909991298258,0
180,5909990794379,0
181,5909991043728,0
182,5909991089146,0
183,5909991043520,0
184,5909991089122,0
185,5909991043629,0
186,5909991089139,0
187,5909991373139,0
188,5909991373061,0
189,5909990083619,0
190,5909990066117,0
191,5909990293322,0
192,5909990293124,0
193,5907626702361,0
194,5909990781874,0
195,5909990293223,0
196,5909990778041,0
197,5909990788453,0
198,5909990788477,0
199,5909990894833,0
200,5909990894819,0
201,5909990894826,0
202,5909990081912,0
203,5909991322939,0
204,5909991250324,0
205,5909991243319,0
206,5909990411115,0
207,5909991449544,0
208,5909991417871,0
209,5909991012960,0
210,7613421046941,0
211,7613421046934,0
212,5909990649747,0
213,5909990646906,0
214,5909991284220,0
215,5909991284237,0
216,5909991343262,0
217,5909991343255,0
218,5903060615922,0
219,5903060615908,0
220,5903060615953,0
221,5909990064120,0
222,5909991424084,0
223,5909997199702,0
224,5909990368235,0
225,5909997230740,0
226,5909997198385,0
227,5909991209483,0
228,5909997230542,0
229,5909997217345,0
230,5909991248949,0
231,5909990717521,0
232,5909991093990,0
233,5909990614318,0
234,5909990614288,0
235,5909990744848,0
236,5909991233846,0
237,5909991233525,0
238,5909991233624,0
239,5909991441517,0
240,5909991444440,0
241,5909991392772,0
242,5909991423513,0
243,5909991042073,0
244,5909991423520,0
245,5909991042080,0
246,5909990793587,0
247,5909990793600,0
248,5909990793594,0
249,5909990430628,0
250,5909990430611,0
251,5909991087715,0
252,5904016012444,0
253,5909991395759,0
254,5909990802432,0
255,5909991324315,0
256,5909990082162,0
257,5909990802050,0
258,5909990756711,0
259,5909991090029,0
260,5909990082148,0
261,5909991453695,0
262,5909991464288,0
263,5909990861040,0
264,5909991019396,0
265,5909991400576,0
266,5909991352547,0
267,5909991360818,0
268,5909991412715,0
269,5909991383169,0
270,5909990007387,0
271,5038256002573,0
272,5901878600888,0
273,5903792743528,0
274,5909990002306,0
275,5901878600895,0
276,5903792743535,0
277,5909990002337,0
278,5909990002382,0
279,5702157142200,0
280,5909991279691,0
281,5906414001068,0
282,5906414001730,0
283,5906414001747,0
284,5906414001075,0
285,5906414001754,0
286,5906414001761,0
287,5906414001082,0
288,5906414001020,0
289,5906414001648,0
290,5906414001655,0
291,5906414001037,0
292,5906414001662,0
293,5906414001679,0
294,5906414001044,0
295,5907529463284,0
296,5907529463314,0
297,5907529463338,0
298,5907529463383,0
299,5909991251475,0
300,5909991265526,0
301,5909991232733,0
302,5909991232832,0
303,5909991232849,0
304,5909991232856,0
305,5909991232863,0
306,5909991232887,0
307,5909991232931,0
308,5901720140241,0
309,5909991339951,0
310,5909991270223,0
311,5909991263850,0
312,5907626705690,0
313,5907626705713,0
314,5907626705836,0
315,5907626705850,0
316,5909991251604,0
317,5909991229634,0
318,5909991404659,0
319,5909991404666,0
320,5909991404673,0
321,5909991404680,0
322,5909991404697,0
323,5909991404703,0
324,5909991404710,0
325,5909991404727,0
326,5909991404635,0
327,5909991404642,0
328,5902020241447,0
329,5909991205225,0
330,5909991205256,0
331,5909991385682,0
332,5909991205324,0
333,5909991205355,0
334,5909991205423,0
335,5909991229696,0
336,5909991229733,0
337,5909991236946,0
338,5909991236953,0
339,5909991412173,0
340,5909991412241,0
341,5909991394738,0
342,5909991394776,0
343,5909991393380,0
344,5909991393601,0
345,5909991393496,0
346,5909991393717,0
347,5909991390938,0
348,5909991390952,0
349,5909991390976,0
350,5909991390990,0
351,5909991124618,0
352,5907695215137,0
353,5907695215359,0
354,5909991124717,0
355,5907695215144,0
356,5907695215366,0
357,5909991124816,0
358,5907695215151,0
359,5907695215373,0
360,5909990787586,0
361,5909990787609,0
362,5909990787647,0
363,5909990991815,0
364,5909990336647,0
365,5909990991914,0
366,5909991013806,0
367,5909990419173,0
368,5909990885282,0
369,5909990885299,0
370,5909990623464,0
371,5909990623471,0
372,5909990623488,0
373,5909990885336,0
374,5909990885374,0
375,5909990938926,0
376,5909990938995,0
377,5909991321611,0
378,5909991321659,0
379,5909991321710,0
380,5909991382896,0
381,5909991382902,0
382,7311920002252,0
383,5909991382919,0
384,5909991382926,0
385,7311920002276,0
386,7311920002269,0
387,5909991382933,0
388,5909991382940,0
389,5909990900053,0
390,5909990899920,0
391,5909990899951,0
392,5909990899975,0
393,5909990900275,0
394,5909990900305,0
395,5909990900336,0
396,5909990900459,0
397,5909990077847,0
398,5909990077939,0
399,5909990078028,0
400,5909991041298,0
401,5909990573400,0
402,5909990573530,0
403,5909990573547,0
404,5909990078141,0
405,5909990078264,0
406,5909990078356,0
407,5909991011383,0
408,5909990905508,0
409,5909990905539,0
410,5909990905553,0
411,5909990905638,0
412,5909990905652,0
413,5909990905676,0
414,5909990905782,0
415,5909990905805,0
416,5909990905867,0
417,5909990078707,0
418,5909991042097,0
419,5909991042103,0
420,5909991415976,0
421,5909991042134,0
422,5909991419042,0
423,5909991042141,0
424,5909990957071,0
425,5909990338290,0
426,5909990338368,0
427,5909990338436,0
428,5909990338443,0
429,5909990053179,0
430,5909990053230,0
431,5909990053278,0
432,5909990998814,0
433,5909990998821,0
434,5909990998838,0
435,5909990998913,0
436,5909990998920,0
437,5909990998937,0
438,5909990810161,0
439,5909990810178,0
440,5909990810185,0
441,5909990810208,0
442,5909991403911,0
443,5909991403935,0
444,5909991403997,0
445,5909990243112,0
446,5909990232826,0
448,5909990232819,0
450,5909990277810,0
452,5909991054816,0
453,5909991034412,0
454,5909991035518,0
455,5909990969876,0
456,5909990635320,0
457,5909990635337,0
458,5909990635344,0
459,5907626702682,0
460,5909997214023,0
461,5909997223537,0
462,5909990573738,0
463,5909997214030,0
464,5909997223551,0
465,5909990573752,0
466,5909991087319,0
467,5909990073566,0
468,5909990073573,0
469,5909991098421,0
470,5909991098520,0
471,5909990713608,0
472,5909991108830,0
473,5909990742110,0
474,5909990846214,0
475,5909990742318,0
476,5909990742417,0
477,5909990742219,0
478,5909990742226,0
479,8025153008156,0
480,5909990054152,0
481,5909991245696,0
482,5909990118915,0
483,5909990119011,0
484,5909990118816,0
485,5909990363216,0
486,5909991254995,0
487,5909991254988,0
488,5909990121625,0
489,5909991187682,0
490,5909990186525,0
491,5909990186518,0
492,5909990925513,0
493,5909991097066,0
494,5909991097073,0
495,5909991335663,0
496,5909991335670,0
497,5909990008469,0
498,5909991310769,0
499,5909991310776,0
500,5909991376772,0
501,5909991376789,0
502,5909991422356,0
503,5909991422363,0
504,5909990574315,0
505,5909990193219,0
506,5909991265762,0
507,5909991447311,0
508,5909990884216,0
509,5909991066529,0
510,5909991066420,0
511,5909991152017,0
512,5909991151911,0
513,5909991015114,0
514,5909991015015,0
515,5909990633852,0
516,5909990633791,0
517,5909991097523,0
518,5909991097554,0
519,5909991097400,0
520,5909991097448,0
521,5909991197049,0
522,5909991197056,0
523,5909991197070,0
524,5909991197063,0
525,5909990633869,0
526,5909990633807,0
527,5909990865024,0
528,5909990874194,0
529,5906414000900,0
530,5909991379483,0
531,5909991379490,0
532,5909990677733,0
533,5907553017897,0
534,5909990570546,0
535,5909990974641,0
536,5909990869114,0
537,5909991250386,0
538,5909991223571,0
539,5909991223588,0
540,5909991272234,0
541,5909991272333,0
542,5909990211913,0
543,5909991306137,0
545,5909991306144,0
547,5909991306151,0
549,5909991283629,0
551,5909991283650,0
553,5909991283698,0
555,5909990337354,0
557,5909990337323,0
559,5909990337286,0
561,5909991223793,0
563,5909991204082,0
565,5909991223809,0
567,5909991203986,0
569,5909990335169,0
571,5909990335176,0
573,5906414002522,0
575,5906414002539,0
577,5909991205966,0
579,5909990430314,0
580,5909990926213,0
582,5909990926312,0
584,5909991107925,0
586,5909991005696,0
588,5909991005733,0
590,5909990445615,0
592,5909990445714,0
594,5909991233099,0
596,5909991269784,0
598,5909990445813,0
600,5909990677313,0
602,5909990677412,0
604,5909990335183,0
606,5909990335190,0
608,7613421020866,0
609,5907626709476,0
610,7613421047047,0
611,5909991137458,0
612,5909991137625,0
613,5000456011648,0
614,5909990873074,0
615,5909990873241,0
616,5909990872886,0
617,5909991136932,0
618,5909991136963,0
619,5909991235635,0
621,5909991235642,0
623,5909990938056,0
625,5909990938087,0
627,5909990938131,0
629,5909990966127,0
631,5909990966226,0
633,5909990966325,0
635,5909997213538,0
636,5909997201450,0
637,5909990073603,0
638,5909990073597,0
639,5909990277919,0
640,5901549565249,0
641,5901549565256,0
642,5909990948376,0
643,5909990948383,0
644,5909990979738,0
645,3830070472080,0
646,3830070472097,0
647,5909991283599,0
648,5909991441029,0
649,5909991409999,0
650,5909991096106,0
651,5909991433109,0
652,5909991466602,0
653,5909991453398,0
654,5909991454883,0
655,5909991453329,0
656,5909991455057,0
657,5909991454890,0
658,5909991453336,0
659,5909991455064,0
660,5909990937196,0
661,5909991454777,0
662,5909991453367,0
663,5909991455118,0
664,5909991448912,0
665,5909991438876,0
666,5909990937103,0
667,5909990962945,0
668,5909990962839,0
669,5909991389468,0
670,5909991392475,0
671,5909990772193,0
672,5909991389475,0
673,5909991392482,0
674,5909991389512,0
675,5909991395100,0
676,5909991389420,0
677,5909991390242,0
678,5909990772162,0
679,5909991389437,0
680,5909991390259,0
681,5909990801350,0
682,5909990801367,0
683,3838989720544,0
684,5909991367732,0
685,5909991367510,0
686,5906414002140,0
687,5906414002171,0
688,5906414002089,0
689,5906414002119,0
690,5906414002027,0
691,5906414002058,0
692,5906414001969,0
693,5906414001990,0
694,5909991191832,0
695,5909991418076,0
696,5909991191764,0
697,5909991450014,0
698,5909991421649,0
699,5909991421656,0
700,5909990957279,0
701,5909990957194,0
702,5909991455361,0
703,5909991432300,0
704,5909991455378,0
705,5909991464011,0
706,5909991432324,0
707,5909991436667,0
708,5909991463908,0
709,5909991434977,0
710,5909991428112,0
711,5909990739653,0
712,5909990739707,0
713,5909990739592,0
714,5909990937172,0
715,5909990937264,0
716,5909990937080,0
717,5909990772209,0
718,5909990772230,0
719,5909990772179,0
720,5909990800629,0
721,5909991063702,0
722,5909991064051,0
723,5909990800360,0
724,5909991415907,0
725,5909990957255,0
726,5909991057596,0
727,5909991058609,0
728,5909990957170,0
729,5909990865178,0
730,5909990865185,0
731,5909991136840,0
732,5909990865222,0
733,5909990865260,0
734,5909990865130,0
735,5909990865147,0
736,5909991136833,0
737,5909990043910,0
739,5909991014117,0
741,5909991030315,0
743,5909991014216,0
745,5909991014223,0
747,5909990244515,0
749,5909990244614,0
751,5909990341917,0
753,5909990341924,0
755,5909990120215,0
757,5909990120116,0
759,5909991337056,0
760,5909991337155,0
761,5909991337230,0
762,5909990570430,0
763,5909990570409,0
764,5909990570454,0
765,5909990074099,0
766,5909990074129,0
767,5909990074051,0
768,5909990727148,0
769,5909990727193,0
770,5909990727100,0
771,5909991017019,0
772,5909991017118,0
773,5909991016814,0
774,5909991016913,0
775,5909990983315,0
776,5909990216505,0
777,5909990216567,0
778,5909990216604,0
779,5909990687909,0
780,5909990687930,0
781,5909990687862,0
782,5909990687879,0
783,5909990687886,0
784,5909990687893,0
785,5909990137411,0
786,5909990137428,0
787,5909990137510,0
788,5909990137527,0
789,5909990775910,0
790,5909990775927,0
791,5909990676514,0
792,5909990676613,0
793,5909990676620,0
794,5909990676712,0
795,5909990059515,0
796,5909990806812,0
797,5909990806911,0
798,5909990059416,0
799,5909990063840,0
800,5909990063857,0
801,5909990063697,0
802,5909990063703,0
803,5909991255145,0
804,5909991255152,0
805,5909991255183,0
806,5909991255190,0
807,5909991353469,0
808,5909991353483,0
809,5909991353490,0
810,5909991009229,0
811,5909991009212,0
812,5909991263331,0
813,5909991263355,0
814,5909991263362,0
815,5909991009120,0
816,5909991009113,0
817,5909991263386,0
818,5909991263409,0
819,5909991263416,0
820,5909991231194,0
821,5909991231217,0
822,5909990224951,0
823,5907626701753,0
824,5909991265328,0
825,5909990224456,0
826,5907626701760,0
827,5909990216383,0
828,5909991067946,0
829,5909990216390,0
830,5909991067953,0
831,5909990069927,0
832,5909990069828,0
833,5909990083213,0
834,5909990051342,0
835,5909990051335,0
836,5909997196350,0
837,5909991260071,0
838,5909990083312,0
839,5909990468812,0
840,5909997210605,0
841,5909991283575,0
842,5909991359331,0
843,5909997200118,0
844,5909997196077,0
845,5909991399290,0
846,5909990083411,0
847,5909991260095,0
848,5909991433093,0
849,5909991418212,0
850,5909991425203,0
851,5909990083435,0
852,5909991082932,0
853,5909991082949,0
854,5909991401641,0
855,5909990410729,0
856,5909990410736,0
857,5909990910793,0
858,5909990569441,0
859,5909991103811,0
860,5909991103835,0
861,5909990851119,0
862,5907695215250,0
863,5909990869725,0
864,5909990781515,0
865,5909991386672,0
866,5909991457020,0
867,5909990184736,0
868,5909990184637,0
869,5909990488926,0
870,5909990345618,0
871,5909991139582,0
872,5909990203017,0
874,5909990203116,0
876,5909990212064,0
877,5909990218530,0
878,5909990212057,0
879,5909990218523,0
880,5909990787463,0
881,5909990787289,0
882,5909990787357,0
883,5909990946624,0
884,5909991460679,0
885,5909990946716,0
886,5909990946426,0
887,5909990946525,0
888,5909990406111,0
889,5909990336814,0
890,5909990336913,0
891,5909990336616,0
892,5909990336715,0
893,5909990678648,0
894,5909990678655,0
895,5909990678679,0
896,5909990066667,0
897,5909990066780,0
898,5909990066803,0
899,5909990376612,0
900,5909990499113,0
901,5909990066414,0
902,5909990066216,0
903,5909990308514,0
904,5909990334964,0
905,5909990729012,0
906,5909991033514,0
907,5909991033613,0
908,5909991311230,0
909,5909991311285,0
910,5909990773626,0
911,5909990781010,0
912,5909991036546,0
913,5909990081165,0
914,5909990045532,0
915,5909990045549,0
916,5909990620654,0
917,5909990620647,0
918,5909990620678,0
919,5909990620661,0
920,5909991426453,0
921,5909991426446,0
922,5909991426477,0
923,5909991426491,0
924,5909990331727,0
925,5909990331710,0
926,5909990331819,0
927,5909990331826,0
928,5909990780624,0
929,5909990780631,0
930,5909990719419,0
931,5909991030117,0
932,5909990946075,0
933,5909990946198,0
934,5909991282776,0
935,5909991316761,0
936,5909991023416,0
937,5909991001438,0
938,5909991001520,0
939,5909991001537,0
940,5909991001544,0
941,5909991414207,0
942,5909990071210,0
943,5909990306435,0
944,5909990071111,0
945,5907626707397,0
946,5909990067510,0
947,5909997196497,0
948,5909997013800,0
949,5909990369928,0
950,5909990294916,0
951,5909990295012,0
952,5909990295111,0
953,5909990135615,0
954,5909990135516,0
955,5909990141012,0
956,5909991251949,0
957,5909991397005,0
958,5909990754748,0
959,5909991167011,0
960,5909990625826,0
961,5909990768141,0
962,5909991029388,0
963,5909990727667,0
964,5909990793730,0
965,5909990762729,0
966,5909990866533,0
967,5901878600475,0
968,5903792743382,0
969,5909991109219,0
970,5909990295715,0
971,5909991327736,0
972,5909991327705,0
973,5909991327606,0
974,5909990139521,0
975,5909990139422,0
976,5909991373443,0
977,5909991373467,0
978,5909991373382,0
979,5909991047818,0
980,5909990366514,0
981,5909990015412,0
982,8718309680077,0
983,5909997077482,0
984,5909997077499,0
985,5909990244010,0
986,5909990240814,0
988,5909990657476,0
989,5909990657483,0
990,5909991039486,0
991,5909990222216,0
992,5909990222230,0
993,5909990046171,0
994,5909990046188,0
995,5909990037773,0
996,5909990086788,0
997,5909991302108,0
998,5909990641253,0
999,5909990641260,0
1001,5909990887453,0
1002,5909990641222,0
1003,5909990925339,0
1004,5909990975884,0
1005,5909990774869,0
1006,5909990774852,0
1007,5909990761647,0
1008,5909991032838,0
1009,5909991032852,0
1010,5909990969364,0
1011,5909990969654,0
1012,5909990969678,0
1013,5909990964574,0
1014,5909990964611,0
1015,5909991359454,0
1016,8901175035427,0
1017,5909991359478,0
1018,5909990975921,0
1019,5909990979981,0
1020,5902020241669,0
1021,5909990981458,0
1022,5909990981359,0
1023,5909990981373,0
1024,5909990994533,0
1025,5909990994540,0
1026,5909990068548,0
1028,5909990068579,0
1030,5909990068494,0
1032,5909991389178,0
1033,5909991389208,0
1034,5909991397524,0
1035,5909991397258,0
1036,5909991297763,0
1037,5909991393984,0
1038,5909991397319,0
1039,5909991297480,0
1040,5909991297879,0
1041,5909991297633,0
1042,5904374007854,0
1043,5900411007351,0
1044,5900411007276,0
1045,5904374007861,0
1046,5900411007313,0
1047,5909990751518,0
1048,5909990751617,0
1049,5909990145317,0
1050,5909990457120,0
1051,5909990457137,0
1052,5909990753024,0
1053,5909990753017,0
1054,5909990074044,0
1055,5909990752010,0
1056,5909991026516,0
1057,5909990033614,0
1058,5909990241910,0
1059,5909990974122,0
1060,5909990161119,0
1061,5909991405120,0
1062,5909991430702,0
1063,5901797710804,0
1064,5909991398569,0
1065,5909991398576,0
1066,5909991396978,0
1067,5909991392871,0
1068,5909990776962,0
1069,5907594032552,0
1070,5909990217045,0
1072,5909990217069,0
1074,5909990482917,0
1075,5909990483310,0
1076,5909990213214,0
1077,5909990112616,0
1078,5909990121120,0
1079,5909990661671,0
1080,5909990661688,0
1081,5909990661695,0
1082,5909991024413,0
1083,5909991024420,0
1084,5907695215380,0
1085,5909991024314,0
1086,5909990770038,0
1087,5909991464141,0
1088,5909990689873,0
1089,5909990689781,0
1090,5909990683666,0
1091,5909990683581,0
1092,5909990851492,0
1093,5909991056018,0
1094,5909991055912,0
1095,5909990814138,0
1096,5909990814077,0
1097,5909990877669,0
1098,5909990877553,0
1099,5909990657360,0
1100,5909990657353,0
1101,5909991403560,0
1102,5909991398842,0
1103,5909990798940,0
1104,5909990798933,0
1105,5909991275778,0
1106,5909991275747,0
1107,5909990993314,0
1108,5909990993215,0
1109,5909990850204,0
1110,5909990850075,0
1111,5909990770045,0
1112,5902020661474,0
1113,5909990375813,0
1114,5909991344306,0
1115,5909991344313,0
1116,5909990942855,0
1117,5900257101015,0
1118,5909990643929,0
1119,5906414000962,0
1120,5909990661329,0
1121,5909991310936,0
1122,5909991310943,0
1123,5909990442423,0
1124,5909991340674,0
1125,5909991340681,0
1126,5909991067267,0
1127,5909991067274,0
1128,5909990866144,0
1129,5909990746705,0
1130,5906414000955,0
1131,5909991311049,0
1132,5909991311056,0
1133,5909991305291,0
1135,5909991305420,0
1137,5909990901890,0
1139,5909990902255,0
1141,5909990902293,0
1143,5909990969517,0
1145,5909990969616,0
1147,5909990969715,0
1149,5909991271367,0
1151,5909990431410,0
1153,5909990431519,0
1155,5909990854318,0
1157,5909990854417,0
1159,5909990854516,0
1161,5909990484911,0
1163,5909991276492,0
1165,5909990485017,0
1167,5908289660289,0
1169,5909991276508,0
1171,5909991325626,0
1172,5909990485116,0
1174,5909990790951,0
1176,5909990884582,0
1178,5909991288945,0
1180,5909990066797,0
1182,5909991149611,0
1184,5909991149710,0
1186,5909991320737,0
1188,5909991320751,0
1190,5901720140005,0
1192,5901720140012,0
1194,5909990491315,0
1196,5909990491414,0
1198,5909990022571,0
1200,5909991013820,0
1202,5909990903320,0
1204,5909990903429,0
1206,5909990903511,0
1208,5909990080267,0
1210,5909991330576,0
1211,5909990072316,0
1212,5909991219130,0
1213,5909991219161,0
1214,8594012697638,0
1215,8594012697645,0
1216,5909991432980,0
1217,5909991432997,0
1218,5909991324551,0
1219,5906414003185,0
1220,5909991324537,0
1221,5906414003192,0
1222,5909991419776,0
1223,5909991419813,0
1224,5901720140296,0
1225,5901720140210,0
1226,5901797710644,0
1227,5901797710668,0
1228,5909991231040,0
1229,5909991231064,0
1230,5909991386498,0
1231,5909991222239,0
1232,5909991222253,0
1233,5909991383688,0
1234,5909991222321,0
1235,5909991383695,0
1236,5909991222345,0
1237,5909991352172,0
1238,5909991396688,0
1239,5909991396664,0
1240,5909991249540,0
1241,5909991249618,0
1242,5909991249885,0
1243,5909991249946,0
1244,5909991328696,0
1245,5909991372606,0
1246,5909991138509,0
1247,5909990015030,0
1248,5909990015054,0
1249,5909990020836,0
1250,5909990020829,0
1251,5909990014934,0
1252,5909990014958,0
1253,5909990774920,0
1254,5909990048328,0
1255,5909990048427,0
1256,5909990774821,0
1257,5909990775026,0
1258,5909990891429,0
1259,5909990891528,0
1260,5906395161096,0
1261,5906395161010,0
1262,5906395161034,0
1263,5906395161058,0
1264,5906395161072,0
1265,5906395161126,0
1266,5906395161164,0
1267,5909990042579,0
1268,5909990211517,0
1269,5909990926497,0
1270,5909991074975,0
1271,5909990926534,0
1272,5909991074999,0
1273,5909990841332,0
1274,5909990841363,0
1275,5909990876280,0
1276,5909990876327,0
1277,5903060619548,0
1278,5909990876778,0
1279,5909990876808,0
1280,5903060619555,0
1281,5909991268275,0
1282,5909991268282,0
1283,5909990661411,0
1284,5909990304219,0
1285,5909990447619,0
1286,5909990447718,0
1287,5909991441678,0
1288,5909991382100,0
1289,5909990330713,0
1290,5909990823215,0
1291,5909990169214,0
1292,5909990221073,0
1293,5909990973316,0
1294,5909990329717,0
1295,5909990444717,0
1296,5909990444816,0
1297,5909990451210,0
1298,5909990227310,0
1299,5909990879458,0
1300,5909990879465,0
1301,5909990060016,0
1302,5909990060023,0
1303,5909991383817,0
1304,5909990873319,0
1305,5909990072514,0
1306,5909990244911,0
1307,5909990211654,0
1308,5909990211357,0
1309,5909990211845,0
1310,5909990798094,0
1311,5909990812202,0
1312,5909991335489,0
1313,5909991388669,0
1314,5909991402303,0
1315,5909991402310,0
1316,5909991347161,0
1317,5909991096229,0
1318,5909991414450,0
1319,5909991311407,0
1320,5909991304416,0
1321,5909990996902,0
1322,5909991421601,0
1323,5909991421564,0
1324,5909991421526,0
1325,5909990014835,0
1326,5909990014828,0
1327,5909990761562,0
1329,5909990761548,0
1330,5909991391607,0
1332,5909991391522,0
1333,3838989705145,0
1335,3838989705152,0
1336,5909991402983,0
1338,5909991402952,0
1339,5909990344918,0
1340,5909990344819,0
1341,5909990754496,0
1342,5909990909414,0
1343,5909990754526,0
1344,5909990713974,0
1345,5909990611065,0
1346,5909990109814,0
1347,5909990492114,0
1348,5907594032309,0
1349,5907594032408,0
1350,5907594032507,0
1351,5909991212339,0
1352,5907594031500,0
1353,5907594031609,0
1354,5909991201173,0
1355,5907594031708,0
1356,5907594031807,0
1357,5909990687947,0
1358,5909990492817,0
1359,5909990903917,0
1360,5909990431342,0
1361,5909990917815,0
1362,5909990376414,0
1363,5909990101917,0
1364,5909991455965,0
1365,5909991455989,0
1366,5909991456009,0
1367,5909990765713,0
1368,5909990765416,0
1369,5909990765515,0
1370,5909990765614,0
1371,5909990643011,0
1372,5909990643035,0
1373,5909990643059,0
1374,5909990054695,0
1375,5909990054589,0
1376,5909990054626,0
1377,5909990054664,0
1378,5909991204853,0
1379,5909990000098,0
1380,5909991204822,0
1381,5909991204839,0
1382,5909990000050,0
1383,5909991204846,0
1384,5909990000081,0
1385,5909990699735,0
1386,5909990699889,0
1387,5909990699643,0
1388,5909990043330,0
1389,5909990043163,0
1390,5909990043279,0
1391,5909990043385,0
1392,5909990043224,0
1393,5909990955503,0
1394,5909990955527,0
1395,5909990955541,0
1396,5909990955558,0
1397,5909991074647,0
1398,5909991074685,0
1399,5909991074739,0
1400,5909991074777,0
1401,5909991074593,0
1402,5909991074821,0
1403,5055565713846,0
1404,5055565713860,0
1405,5055565726068,0
1406,5055565713853,0
1407,5055565713877,0
1408,5055565726075,0
1409,5909990687787,0
1410,5909990687848,0
1411,5909990711949,0
1412,5909990711987,0
1413,5909990055470,0
1414,5909990906154,0
1415,5909990067770,0
1416,5909990048670,0
1417,5909990938797,0
1418,5909991222673,0
1419,5909991282288,0
1420,5909990713127,0
1421,5909990713141,0
1422,5909990082391,0
1423,5909991207311,0
1424,5909991151218,0
1425,5909990811045,0
1426,5909991284053,0
1427,5909990055098,0
1428,5909991289430,0
1429,5909991096571,0
1430,5909991096601,0
1431,5909990017973,0
1432,5909990050895,0
1433,5909990017997,0
1434,5909990077267,0
1435,5909990077274,0
1436,5909990362110,0
1437,5909990074105,0
1438,5909991107871,0
1439,5909991088842,0
1440,5909991053710,0
1441,5909991257804,0
1442,5909990662388,0
1443,5909990662371,0
1444,5909990490615,0
1445,5907529466339,0
1446,5909991283247,0
1447,5909990490523,0
1448,5909990490516,0
1449,5909991097219,0
1450,5909991262679,0
1451,5909991262617,0
1452,5909991262488,0
1453,5909991262457,0
1454,5909991273798,0
1455,5909990780181,0
1456,5909990859719,0
1457,5909990017874,0
1458,5909990017881,0
1459,5909991022556,0
1460,5909991022549,0
1461,5909990859511,0
1462,5909990859610,0
1463,5909990859672,0
1464,5909990869756,0
1465,5909990869732,0
1466,5909990869763,0
1467,5909991365745,0
1468,5909990869770,0
1469,5909990869695,0
1470,5909990869688,0
1471,5909991388270,0
1472,5909991388287,0
1473,5909991388294,0
1474,5909991388263,0
1475,5909990980611,0
1476,5909990642533,0
1477,5909991118914,0
1478,5909990980512,0
1479,5904374007885,0
1480,5909991065515,0
1481,5909990372317,0
1482,5909990776955,0
1483,5909990770311,0
1484,5909991317621,0
1485,5909990742509,0
1486,5909990374328,0
1487,5909990374311,0
1488,5909991074258,0
1489,5909991074296,0
1490,5909990127214,0
1491,5909990941612,0
1492,5909990941629,0
1493,5909990139217,0
1494,5909991350635,0
1495,5908289660371,0
1496,5909990570720,0
1497,5909990933839,0
1498,5909990851423,0
1499,5909990851416,0
1500,5909990851522,0
1501,5909990851515,0
1502,5909990851317,0
1503,5909990484621,0
1504,5909990484720,0
1505,5909990484522,0
1506,5909990484829,0
1507,5909991401771,0
1508,5909991401788,0
1509,5909990785858,0
1510,5909990785889,0
1511,5909991447915,0
1512,5909991442064,0
1513,5909991274931,0
1514,5909991274955,0
1515,5909991034870,0
1516,5909991448523,0
1517,5909991034887,0
1518,5909991448530,0
1519,5909991034894,0
1520,5909991448547,0
1521,5906720534670,0
1522,5906720534687,0
1523,5900411004763,0
1524,5900411004770,0
1525,5900411004787,0
1526,5900411004732,0
1527,5900411004749,0
1528,5900411004756,0
1529,5909991403959,0
1530,5909991403966,0
1531,5909991403898,0
1532,5909991383626,0
1533,5909991383657,0
1534,5909991034900,0
1535,5909991034924,0
1536,5909991034931,0
1537,5909990907014,0
1538,5909990907113,0
1539,5909990906918,0
1540,5909990832422,0
1541,5909990832521,0
1542,5909990832620,0
1543,5909991078980,0
1544,5909991079055,0
1545,5909990938001,0
1546,5909990938025,0
1547,5909991431211,0
1548,5909991431167,0
1549,5909990347827,0
1550,5909990347728,0
1551,5909991343019,0
1552,5909991343033,0
1553,5997001308486,0
1554,5997001308493,0
1555,5997001308509,0
1556,5909990007257,0
1557,5909990697304,0
1558,5909990007240,0
1559,5909991088125,0
1560,5909991088149,0
1561,5909990339754,0
1562,5909990339761,0
1563,5909990792924,0
1564,7613421020934,0
1565,5909990937981,0
1566,5909990975914,0
1567,5909990620777,0
1568,5909990614400,0
1569,5909991218287,0
1570,5909991218294,0
1571,5909990337446,0
1572,5909990445219,0
1573,5909990445318,0
1574,5909990996681,0
1575,5909990849000,0
1576,5909990357215,0
1577,5909991373238,0
1578,5909990988235,0
1579,5909991304102,0
1580,5909990223794,0
1581,5909990135028,0
1582,5909991331108,0
1583,5909991331153,0
1584,5909991331207,0
1585,5909990339495,0
1586,5909991425340,0
1587,5909990339709,0
1588,5909990339600,0
1589,5909990338542,0
1590,5909990338658,0
1591,5909990769216,0
1592,5909990769315,0
1593,5909990769414,0
1594,5909991017422,0
1595,5909991017521,0
1596,5909990880911,0
1597,5909990092413,0
1598,5909991267155,0
1599,5909991267162,0
1600,5909990359912,0
1601,5909991216023,0
1602,5909990443017,0
1603,5909990911127,0
1604,5909990647224,0
1605,5909990647231,0
1606,5909991056100,0
1607,5909991056131,0
1608,5909991267230,0
1609,5909991004002,0
1610,5909991004026,0
1611,5909991256548,0
1612,5909991263171,0
1613,5909991226299,0
1614,5909991226305,0
1615,5909991267186,0
1616,5909991267193,0
1617,5909991291648,0
1618,5909991257392,0
1619,5909991257408,0
1620,5909990744817,0
1621,5909990744916,0
1622,5909990745012,0
1623,5909990745111,0
1624,5909990566082,0
1625,5909990566105,0
1626,5909990566129,0
1627,5909990566143,0
1628,5909991097615,0
1629,5909991097516,0
1630,5909991097417,0
1631,5909991097318,0
1632,5909990337453,0
1633,5909990337521,0
1634,5909990338078,0
1635,5909990338146,0
1636,5909990338207,0
1637,5909991365790,0
1638,5909991365868,0
1639,5909991365936,0
1640,5909990570348,0
1641,5909990570355,0
1642,5909990570362,0
1643,5909990573196,0
1644,5909990570379,0
1645,5909990791712,0
1646,5909990693313,0
1647,5909990156825,0
1648,5909990183036,0
1649,5909991000882,0
1650,5909991256210,0
1651,5909991256197,0
1652,5909991335564,0
1653,5909991335595,0
1654,5909990082315,0
1655,5909990783212,0
1656,5909990077311,0
1658,5909990239412,0
1660,5909990104017,0
1662,5909990722617,0
1664,5909990969319,0
1666,5909991218140,0
1667,5909990950317,0
1668,5909990836758,0
1669,5909990944927,0
1670,5909990853540,0
1671,5909990740635,0
1672,5055565774410,0
1673,5909991080921,0
1674,7613421044596,0
1675,7613421045531,0
1676,7613421045548,0
1677,7613421045524,0
1678,5909990975815,0
1679,5909991276621,0
1680,5909990644933,0
1681,5909990799398,0
1682,5909990863013,0
1683,5909990665907,0
1684,5909990223121,0
1685,5909991025014,0
1686,5908289660401,0
1687,5909990012688,0
1688,5909990770182,0
1689,5909990424801,0
1690,5909990424849,0
1691,5909990734993,0
1692,5909990738212,0
1693,5909991092566,0
1694,5909991092597,0
1695,5909991213053,0
1696,5909990713639,0
1697,5909991378059,0
1698,5909991306298,0
1699,5909991429171,0
1700,5909990879915,0
1701,5909990614981,0
1702,5909991369668,0
1703,5909990451814,0
1704,5909991107833,0
1705,5909991107864,0
1706,5909991371562,0
1707,5909990005741,0
1708,5909991201982,0
1709,5909990895717,0
1710,5909990617555,0
1711,5909991231538,0
1712,5909990008483,0
1713,5909990008575,0
1714,5909990617197,0
1715,5909990237920,0
1716,5909990958566,0
1717,5909990853113,0
1718,5909990958573,0
1719,5909990853311,0
1720,5909990958580,0
1721,5909990853519,0
1722,5909990958597,0
1723,5909990852413,0
1724,5909990958603,0
1725,5909990852116,0
1726,5909990246014,0
1727,5909990246717,0
1728,5909990247011,0
1729,5909990348923,0
1730,5909990672448,0
1731,5909990672585,0
1732,5909990672363,0
1733,5909990238323,0
1734,5909990348121,0
1735,5909991022921,0
1736,5909991023027,0
1737,5909991023126,0
1738,5909991023324,0
1739,5909991022525,0
1740,5909991022822,0
1741,5909990692422,0
1742,5909990455010,0
1743,5909990455614,0
1744,5909991333553,0
1745,5909990005482,0
1746,5909990005536,0
1747,5907677973123,0
1748,5999885490165,0
1749,5909991185879,0
1750,5909990322114,0
1751,5909990999019,0
1752,5909991334178,0
1753,5909991334208,0
1754,5909990368624,0
1755,5909990452118,0
1756,5909990010516,0
1757,5909991011727,0
1758,5909990010622,0
1759,5909990010714,0
1760,5909991011529,0
1761,5909990858262,0
1762,5909990858255,0
1763,5909990004331,0
1764,5909990004317,0
1765,5909991053826,0
1766,5909991053819,0
1767,5909991465377,0
1768,5909991452278,0
1769,5909991427764,0
1770,5909991286613,0
1771,5909991466046,0
1772,5909991351274,0
1773,5909991452285,0
1774,5909991427511,0
1775,5909991286927,0
1776,5909991387044,0
1777,5909991387051,0
1778,5901878600772,0
1779,5909991264710,0
1780,5901878600789,0
1781,5909991264734,0
1782,5909991348762,0
1783,5909991326470,0
1784,5909991326494,0
1785,5909991322779,0
1786,5909991322786,0
1787,5909991298586,0
1788,5909991298654,0
1789,5909991313425,0
1790,5909991313555,0
1791,5909991329822,0
1792,5909991329785,0
1793,5909991329891,0
1794,5909991329853,0
1795,5909991307349,0
1796,5909991307370,0
1797,5909990257539,0
1798,5909990269310,0
1799,5909990210817,0
1800,5909990412112,0
1801,5909990413317,0
1802,5909991436056,0
1803,5904055005070,0
1804,5909990064694,0
1805,5909990046485,0
1806,5909990794553,0
1807,5909990098514,0
1808,5909990760718,0
1809,5909990675593,0
1810,5909991134907,0
1811,5907695215205,0
1812,5909991134938,0
1813,5907695215212,0
1814,5909991134969,0
1815,5907695215229,0
1816,5909990650521,0
1817,5909990650620,0
1818,5909990625697,0
1819,5909991105563,0
1820,5909991105549,0
1821,5055565743331,0
1822,5055565743348,0
1823,5055565743355,0
1824,5055565743324,0
1825,5902020241591,0
1826,5902020241607,0
1827,5902020241614,0
1828,5902020241584,0
1829,5909991358358,0
1830,5909991358365,0
1831,5909991358372,0
1832,5909991358341,0
1833,5909991376017,0
1834,5909991376055,0
1835,5909991376093,0
1836,5909991375966,0
1837,5909991384234,0
1838,5909991384241,0
1839,5909991384258,0
1840,5909991384197,0
1841,5909990935505,0
1842,5909991368371,0
1843,5909991368401,0
1844,5909991368432,0
1845,5909991368333,0
1846,5909990334766,0
1847,5909990334759,0
1848,5909990038480,0
1849,5909990038701,0
1850,5909990038565,0
1851,5909990346318,0
1852,5909990346325,0
1853,5909990787319,0
1854,5909990787210,0
1855,5909991006617,0
1856,5909990961092,0
1857,5909991006419,0
1858,5909991006518,0
1859,5909990972616,0
1860,5909991138349,0
1861,5909990972418,0
1862,5909990972517,0
1863,5909991094614,0
1866,5909991094515,0
1869,5909990727032,0
1870,5909990869817,0
1871,5909990064045,0
1872,5909990064076,0
1873,5909990995479,0
1874,5909991189792,0
1875,5909990813582,0
1876,5909990931873,0
1877,5909991019693,0
1878,5909991019709,0
1879,5909990841448,0
1880,5900411001298,0
1881,5909991102883,0
1882,5909991102890,0
1883,5903546007524,0
1884,5903546007531,0
1885,5909990411825,0
1886,5909990411818,0
1887,5909990741311,0
1888,5903060601673,0
1889,5909991220365,0
1890,5909991220396,0
1891,5909991429249,0
1892,5909991429256,0
1893,5909990879687,0
1894,5906414000948,0
1895,5909991306649,0
1896,5909990946587,0
1897,5909991057213,0
1898,5415062343609,0
1899,5909990894543,0
1900,5903060606630,0
1901,5909990977826,0
1902,5901878600482,0
1903,5903792743399,0
1904,5909990977925,0
1905,5909991309138,0
1906,5909991309145,0
1907,4037353010604,0
1908,4037353015388,0
1909,4037353010628,0
1910,5909990858651,0
1911,5909991416683,0
1912,5909991416720,0
1913,5909991060718,0
1914,5909990799923,0
1915,5909990710201,0
1916,5909991061111,0
1917,5909990794683,0
1918,5909990956395,0
1919,5909990075751,0
1920,5909990634057,0
1921,5909990075768,0
1922,5909990836246,0
1923,5909990836277,0
1924,5906720536582,0
1925,5909990928149,0
1926,5909990928248,0
1927,5909990928200,0
1928,5909990928224,0
1929,5909990928231,0
1930,5909990006755,0
1931,5909990989805,0
1932,5909990989379,0
1933,5909991374518,0
1934,5909991374501,0
1935,5909990921751,0
1936,5909990921737,0
1937,5909990921522,0
1938,5909990921492,0
1939,5909990921591,0
1940,5909990921577,0
1941,5909990921676,0
1942,5909990921652,0
1943,5909991361372,0
1944,5909990971305,0
1945,5909990970957,0
1946,5909990971060,0
1947,5909990971183,0
1948,5909990958672,0
1949,5909990959167,0
1950,5909990959129,0
1951,5909990959037,0
1952,5909990958986,0
1953,5909990958894,0
1954,5909990958856,0
1955,5909990998302,0
1956,5909990998135,0
1957,5909990998180,0
1958,5909990998258,0
1959,5909991032043,0
1960,5909991031992,0
1961,5909991031497,0
1962,5909991031640,0
1963,5909991031602,0
1964,5909991031886,0
1965,5909990925841,0
1966,5909990925957,0
1967,5909990925940,0
1968,5909990925858,0
1969,5909990925889,0
1970,5909990925872,0
1971,5909990925926,0
1972,5909990935901,0
1973,5909990935895,0
1974,5909990936250,0
1975,5909990935956,0
1976,5909990936052,0
1977,5909990936151,0
1978,5907695215014,0
1979,5909990656929,0
1980,5909990656936,0
1981,5909990656943,0
1982,5909991462475,0
1983,5909991449186,0
1984,5909991192600,0
1985,5909990904099,0
1986,5909990904129,0
1987,5906414000726,0
1988,5906414000733,0
1989,5909990790807,0
1990,5902020241133,0
1991,5902020241140,0
1992,5909991060589,0
1993,5909991358105,0
1994,5909991376550,0
1995,5909990619627,0
1996,5909990781720,0
1997,5909990765034,0
1998,5907695215267,0
1999,5909990095216,0
2000,5909990095018,0
2001,5909990748723,0
2002,5909990095117,0
2003,5909990094912,0
2004,5909990748624,0
2005,5909990377510,0
2006,5909990175215,0
2007,5909990175314,0
2008,5909990020416,0
2009,5909990193912,0
2010,5909991431914,0
2011,5909991431907,0
2012,5909991431891,0
2013,5909991431884,0
2014,5909991051426,0
2015,5909991051419,0
2016,5909990719006,0
2017,5909991051525,0
2018,5909991051518,0
2019,5909990719037,0
2020,5909991051624,0
2021,5909991051617,0
2022,5909991051716,0
2023,5909991051815,0
2024,5909991051129,0
2025,5909991051112,0
2026,5909991051228,0
2027,5909991051211,0
2028,5909991051327,0
2029,5909991051310,0
2030,5909990718986,0
2031,5909990168910,0
2032,5909991107307,0
2033,5909990820610,0
2034,5909990374014,0
2035,5909991107260,0
2036,5909991013417,0
2037,5909991357337,0
2038,5909991365691,0
2039,5909991013516,0
2040,5909991266608,0
2041,5909991013318,0
2042,5909990939817,0
2043,5909991392697,0
2044,5909990939916,0
2045,5909990939718,0
2046,5909990682447,0
2047,5909990682461,0
2048,5909990682409,0
2049,5909991133122,0
2050,5909991133023,0
2051,5909991132927,0
2052,5909990701803,0
2053,5909990761685,0
2054,5909990970520,0
2055,5909990708352,0
2056,5909990708369,0
2057,5909991167714,0
2058,5909990148714,0
2059,5909990038220,0
2060,5909990739318,0
2061,5909990739233,0
2062,5909990223343,0
2063,5909990223350,0
2064,5909990795420,0
2065,5909990670253,0
2066,5909990670260,0
2067,5909990909049,0
2068,5909990839018,0
2069,5909991055110,0
2070,5909990674411,0
2071,5909991297060,0
2072,5909991296940,0
2073,5909990433612,0
2074,5909990810796,0
2075,5909991073428,0
2076,5909990638659,0
2077,5909990818914,0
2078,5909990649112,0
2079,5909990649129,0
2080,5909990956654,0
2081,5909990621439,0
2082,5909990573905,0
2083,5909990724345,0
2084,5909990481118,0
2085,5909991105853,0
2086,5909991105785,0
2087,5909991105723,0
2088,5909991105747,0
2089,5909991105761,0
2090,5909991105655,0
2091,5909991105679,0
2092,5909991105693,0
2093,5909990970513,0
2094,5909990337392,0
2095,5909990686339,0
2096,5909990686360,0
2097,5909990645565,0
2098,5909990816484,0
2099,5909990611980,0
2100,5909990721894,0
2101,5909990721641,0
2102,5909990842315,0
2103,5909990422159,0
2104,5909991108670,0
2105,5909991108762,0
2106,5909991108878,0
2107,5909990129812,0
2108,5909990250615,0
2109,5909997217963,0
2110,5909990155514,0
2111,5909990236411,0
2112,5909990236510,0
2113,5909990614608,0
2114,5909990437627,0
2115,5909991054519,0
2116,5909990895977,0
2117,5907695215168,0
2118,5909990224883,0
2119,5909990610006,0
2120,5909990997527,0
2121,5909991228262,0
2122,5909991228279,0
2123,5909990431151,0
2124,5909990431168,0
2125,5909990464425,0
2126,5909990464418,0
2127,5909990612406,0
2128,5909990612420,0
2129,5909991343354,0
2130,5909990866625,0
2131,5909990283514,0
2132,5909990812905,0
2133,5909990812981,0
2134,5909991219338,0
2135,5909991219307,0
2136,5909990186112,0
2138,5909991084011,0
2139,5909991083816,0
2140,5909991084110,0
2141,5909991083915,0
2142,5907529109908,0
2143,5907529110003,0
2144,5907529110010,0
2145,5907529110027,0
2146,5909991074012,0
2147,5907529109809,0
2148,5909990656813,0
2149,5909990855315,0
2150,5909990974375,0
2151,5909990818815,0
2152,5909990974184,0
2153,5909991273989,0
2154,5909990662111,0
2155,5909991449964,0
2156,5909991433857,0
2157,5909991418847,0
2158,5909991448554,0
2159,5909990970117,0
2160,5909990806430,0
2161,5909990422227,0
2162,5909990400119,0
2163,5909990765423,0
2164,5909990765430,0
2165,5903792661600,0
2166,5909990765379,0
2167,5909990765386,0
2168,5903792661563,0
2169,5909990765393,0
2170,5909990765409,0
2171,5903792661587,0
2172,5909991395322,0
2173,5909991395339,0
2174,5909991395278,0
2175,5909991395247,0
2176,5909991395254,0
2177,5909991395261,0
2178,5909991395285,0
2179,5909991395292,0
2180,5909991352417,0
2181,5909991352400,0
2182,5909990698141,0
2183,5909990698172,0
2184,5909990698257,0
2185,5909990698271,0
2186,7613421049331,0
2187,7613421049317,0
2188,7613421049324,0
2189,7613421049270,0
2190,7613421049256,0
2191,7613421049263,0
2192,7613421049300,0
2193,7613421049287,0
2194,7613421049294,0
2195,5903060614444,0
2197,5909990078974,0
2199,5909990078981,0
2201,5909990078998,0
2203,5903060614406,0
2205,5909990078943,0
2207,5909990078950,0
2209,5909990078967,0
2211,5903060614420,0
2213,5909990079001,0
2214,5909990079025,0
2215,5909990079032,0
2216,5909990717248,0
2217,5909990789276,0
2218,5909990789290,0
2219,5909990864461,0
2220,5909990624751,0
2221,5909990624768,0
2222,5909990213429,0
2223,5909990213436,0
2224,5909991415365,0
2225,5909991415372,0
2226,5909991415389,0
2227,5909991415303,0
2228,5909991415310,0
2229,5909991415327,0
2230,5909991415334,0
2231,5909991415341,0
2232,5909991415358,0
2233,5909991415686,0
2234,5909991415693,0
2235,5909991415624,0
2236,5909991415631,0
2237,5909991415648,0
2238,5909991415655,0
2239,5909991415662,0
2240,5909991425845,0
2241,5909991252069,0
2242,5909990053056,0
2243,5909991425821,0
2244,5909990933181,0
2245,5909991425838,0
2246,5909990126316,0
2248,5909990935253,0
2250,5909990450718,0
2251,5909990935260,0
2252,5909990935277,0
2253,5909991404918,0
2254,5909991404925,0
2255,5909990652112,0
2256,5909990933167,0
2257,5909990933174,0
2258,5909991404895,0
2259,5909991404901,0
2260,5909990705894,0
2261,5909990705474,0
2262,5909990705726,0
2263,5909990221028,0
2264,5909990220984,0
2265,5909990220991,0
2266,5909990221004,0
2267,5909990457236,0
2268,5909990457212,0
2269,5909990457229,0
2270,4013054024331,0
2271,5909990457335,0
2272,5909990457311,0
2273,5909990457328,0
2274,4013054024348,0
2275,5909991394585,0
2276,5909991394554,0
2277,5909991394462,0
2278,5909991394431,0
2279,5909991394516,0
2280,5909991394486,0
2281,5909991271756,0
2282,5909991271763,0
2283,5909991271695,0
2284,5909991271701,0
2285,5909991271732,0
2286,5909991271749,0
2287,5909991453558,0
2288,5909991453572,0
2289,5909991453497,0
2290,5909991453473,0
2291,5909991453510,0
2292,5909991453534,0
2293,5909990789306,0
2294,5909990933198,0
2295,5909990719013,0
2296,5909990792016,0
2297,5909990718917,0
2298,5907626701852,0
2299,5907626701869,0
2300,5907626701920,0
2301,5907626702040,0
2302,5909990735242,0
2303,5909990735273,0
2304,5909990735303,0
2305,5909990791286,0
2306,5909990791347,0
2307,5909990922741,0
2308,5909990791392,0
2309,5909990922758,0
2310,5909990791477,0
2311,5909990922765,0
2312,5909990791521,0
2313,5909990922772,0
2314,5909990928125,0
2315,5055565730881,0
2316,5055565730911,0
2317,5055565730959,0
2318,5055565730966,0
2319,5055565731000,0
2320,5055565731024,0
2321,5055565731062,0
2322,5055565731079,0
2323,5055565731116,0
2324,5055565730898,0
2325,5055565730928,0
2326,5055565730973,0
2327,5055565731031,0
2328,5055565731086,0
2329,5055565731123,0
2330,5055565730904,0
2331,5055565730935,0
2332,5055565730980,0
2333,5055565731048,0
2334,5055565731093,0
2335,5055565731130,0
2336,5909991346867,0
2337,5909991346928,0
2338,5909991346980,0
2339,5909991347048,0
2340,5909990453924,0
2342,5909990453825,0
2344,5909991252724,0
2345,5909991252762,0
2346,5909991252809,0
2347,5909991252847,0
2348,5909991252885,0
2349,5909991252700,0
2350,5909991303617,0
2351,5909991303563,0
2352,5909990655021,0
2353,5909990655038,0
2354,5909990652198,0
2355,5909990652204,0
2356,5909990652181,0
2357,5909990652235,0
2358,5909990652242,0
2359,5909990652259,0
2360,5909990652266,0
2361,5909990154814,0
2362,5909990236312,0
2363,5909990683215,0
2364,5909990683123,0
2365,5909990939220,0
2366,5909990835539,0
2367,5909990834501,0
2368,5909990834464,0
2369,5909990316618,0
2370,5909990316519,0
2371,5909990236718,0
2372,5909990034529,0
2373,5909990034420,0
2374,5909991120948,0
2375,5909991121051,0
2376,5909991379391,0
2377,3830044949655,0
2378,5909990883813,0
2379,5909990764242,0
2380,5909991064525,0
2381,5909991120962,0
2382,5909990157716,0
2383,5909990157822,0
2384,5909990796618,0
2385,5909990796625,0
2386,5909991124311,0
2387,5909990281312,0
2388,5909990975419,0
2389,5909990094813,0
2390,5909990966813,0
2391,5909990953714,0
2392,5909991195366,0
2393,5906071039657,0
2394,5909991141004,0
2395,5909991236199,0
2396,5909991296384,0
2397,5909991137441,0
2398,5909991097059,0
2399,5909991031275,0
2400,5909991099688,0
2401,5909991099695,0
2402,5909991106638,0
2403,5909991087982,0
2404,5909990670758,0
2405,5909990881734,0
2406,5909990881758,0
2407,5909990881772,0
2408,5909990668137,0
2409,5909990668144,0
2410,5909990668120,0
2411,5909990671243,0
2412,5909990662685,0
2413,5909990662647,0
2414,5909990871858,0
2415,5909990871650,0
2416,5909990871766,0
2417,5909991329235,0
2418,5909990780266,0
2419,5909991457013,0
2420,5907626703481,0
2421,5909990803743,0
2422,5909990803767,0
2423,5909990893294,0
2424,5909990893188,0
2425,5909990893263,0
2426,5909990671090,0
2427,5909990671052,0
2428,5909990671076,0
2429,5909991007300,0
2430,5909991007263,0
2431,5909991007270,0
2432,5909990743827,0
2434,5909990744121,0
2436,5909990744220,0
2438,5909990743926,0
2440,5909990744022,0
2442,5909990404919,0
2444,5909990405015,0
2446,5909990476237,0
2448,5909990476534,0
2450,5909990476633,0
2452,5909990476336,0
2454,5909990476435,0
2456,5909990336425,0
2458,5909990980918,0
2459,5909990707614,0
2460,5909990707515,0
2461,5909990754472,0
2462,5909990750993,0
2463,5909990074563,0
2464,5909990715268,0
2465,5909990638185,0
2466,5909990638208,0
2467,5909990962419,0
2468,5909990962426,0
2469,5909990075621,0
2470,5909990716821,0
2471,5909990075720,0
2472,5909990716920,0
2473,5909990075829,0
2474,5909990836932,0
2475,5909990837038,0
2476,5909990837137,0
2477,5060431940073,0
2478,5909990948536,0
2479,5909990948543,0
2480,5909991054991,0
2481,5909991055066,0
2482,5909990661404,0
2483,5909990661435,0
2484,5909990661442,0
2485,5909991292492,0
2486,5909991292720,0
2487,5909991040529,0
2488,5909991040536,0
2489,5909990644179,0
2490,5909990644186,0
2491,5909991390099,0
2492,5909991390143,0
2493,5909990914319,0
2494,5909990914418,0
2495,5909990860692,0
2496,5909990466818,0
2497,5909990860685,0
2498,5909990615438,0
2499,5909990624515,0
2500,5909991023782,0
2501,5909991023799,0
2502,5909991023805,0
2503,5909991023836,0
2504,5909990082599,0
2505,5909990042371,0
2507,5909990042364,0
2509,5909990930166,0
2511,5909990023912,0
2512,5909990307418,0
2513,5909990619658,0
2515,5909990619672,0
2517,5909991369569,0
2518,5909991369552,0
2519,5909990750290,0
2520,5909990662425,0
2521,5909990662456,0
2522,5909990805495,0
2523,5909991390358,0
2524,5909991390372,0
2525,5909990685189,0
2526,5909990685202,0
2527,5909990689774,0
2528,5909990670185,0
2529,5909990648719,0
2530,5909990673865,0
2531,5909990653300,0
2532,5907626703597,0
2533,5909991357047,0
2534,3838989716172,0
2535,5909990641000,0
2536,5909990640997,0
2537,5909990642809,0
2538,5909990411320,0
2539,5909990411436,0
2540,5909990411337,0
2541,5909991040338,0
2542,5909990694778,0
2543,5909990694785,0
2544,5909990694761,0
2545,5909990694754,0
2546,5909990067794,0
2547,5909991416461,0
2548,5909991416485,0
2549,5909991416508,0
2550,5909990042913,0
2551,5909990042715,0
2552,5909990459711,0
2553,5909990459612,0
2554,5909990459513,0
2555,5909990111213,0
2557,5909991369781,0
2558,5909991369743,0
2559,5909990806799,0
2560,5909990806843,0
2561,5909990806881,0
2562,5909990806751,0
2563,5909991461294,0
2564,5909990824106,0
2565,5909991461300,0
2566,5909990827343,0
2567,5909990824076,0
2568,5909991095666,0
2569,5909990697649,0
2570,5909991136475,0
2571,5909991136499,0
2572,5909991136512,0
2573,5909990697526,0
2574,5909991136451,0
2575,5909990896745,0
2576,5909990896738,0
2577,5901720140074,0
2578,5901720140067,0
2579,5909990793365,0
2580,5909990793389,0
2581,5909991230616,0
2582,5909991230593,0
2583,5909990793402,0
2584,5909990793341,0
2585,5909991230609,0
2586,5909991230586,0
2587,5909990865956,0
2588,5909990866021,0
2589,5909990865901,0
2590,5909990763467,0
2591,5909990763481,0
2592,5909990763498,0
2593,5909990763443,0
2594,5901878600451,0
2595,5902020926870,0
2596,5909990766901,0
2597,5909990767052,0
2598,5909990766895,0
2599,5909990637218,0
2600,5909990637126,0
2601,5909990782246,0
2602,5909990782239,0
2603,5909990782260,0
2604,5909991094539,0
2605,5909990925186,0
2606,5909990782253,0
2607,5909990781805,0
2608,5909990781782,0
2609,5909991231910,0
2610,5909991144265,0
2611,5909990335367,0
2612,5909990422241,0
2613,5909990335374,0
2614,5909990422258,0
2615,5909991066000,0
2616,5909991231927,0
2617,5909991144258,0
2618,5909990335343,0
2619,5909990422265,0
2620,5909990335350,0
2621,5909990422272,0
2622,5909991065942,0
2623,5909990640287,0
2624,5903792743061,0
2625,5901878600123,0
2626,5909990069866,0
2627,5909991081911,0
2628,5909990069897,0
2629,5909990069361,0
2630,5909990069958,0
2631,5909990069989,0
2632,5909990070008,0
2633,5909990070046,0
2634,5901878600826,0
2635,5903792743078,0
2636,5909990069705,0
2637,5909991081812,0
2638,5909990069293,0
2639,5909990069750,0
2640,5906414000610,0
2641,5909990917013,0
2642,5909991064716,0
2643,5909991191184,0
2644,5906414002737,0
2645,5906414002744,0
2646,5906414002751,0
2647,5906414002768,0
2648,5906414000603,0
2649,5909991064518,0
2650,5909990916917,0
2651,5909991191177,0
2652,5909991064617,0
2653,5906414000696,0
2654,5909990775682,0
2655,5906414000665,0
2656,5906414000702,0
2657,5909990775712,0
2658,5906414000672,0
2659,5906414000719,0
2660,5909990775729,0
2661,5906414000689,0
2662,5906414000658,0
2663,5909990775675,0
2664,5906414000641,0
2665,5909991097011,0
2666,5903060609709,0
2667,5909990849581,0
2668,5903060609716,0
2669,5909990849635,0
2670,5903060609723,0
2671,5909991096816,0
2672,5903060609693,0
2673,5909990892129,0
2674,5909990892143,0
2675,5909990892150,0
2676,5909990892174,0
2677,5909990892303,0
2678,5909990892341,0
2679,5909990892082,0
2680,5909990892105,0
2681,5909990914647,0
2682,5909990914654,0
2683,5909990914661,0
2684,5909990914630,0
2685,5909990686803,0
2686,5909990686827,0
2687,5909990686834,0
2688,5909991257439,0
2689,5909991432034,0
2690,5909990068425,0
2691,5909990880225,0
2692,5909991140779,0
2693,5909991140809,0
2694,5909990420537,0
2695,5909990420544,0
2696,5909990077663,0
2697,5909990420612,0
2698,5909990420629,0
2699,5909990422654,0
2700,5909990921324,0
2701,5909991274467,0
2702,5909991274511,0
2703,5909990920747,0
2704,5909990668779,0
2705,5909991271442,0
2706,5909990772667,0
2707,5909990077731,0
2708,5909990772933,0
2709,5909991272753,0
2710,5909991272739,0
2711,5909990635450,0
2712,5909990796298,0
2713,5909990796359,0
2714,5909990796533,0
2715,5909990744510,0
2716,5909990777044,0
2717,5909990777150,0
2718,5909991394264,0
2719,5909990994717,0
2720,5909990001811,0
2721,5909990001910,0
2722,5909990888016,0
2723,5909990048809,0
2724,5909990048823,0
2725,5909990048854,0
2726,5909991303518,0
2727,5909991300661,0
2728,5909991300739,0
2729,5909991057480,0
2730,5909991057497,0
2731,5909990825615,0
2732,5909990747115,0
2733,5909990825714,0
2734,5909991290887,0
2735,5909990783816,0
2736,5909990940769,0
2738,5909990941247,0
2740,5909990941407,0
2742,5909990941568,0
2744,5909990643943,0
2746,5909990644001,0
2748,5909990644025,0
2750,5909990643905,0
2752,5909990644049,0
2754,5909990839643,0
2756,5909990839780,0
2758,5909990840038,0
2760,5909990839469,0
2762,5909990840182,0
2764,5908289660425,0
2765,5908289660432,0
2766,5908289660449,0
2767,5908289660418,0
2768,5909991381677,0
2769,5909991381783,0
2770,5909991381899,0
2771,5909991381561,0
2772,5909991327958,0
2773,5909991327989,0
2774,5909991328184,0
2775,5909991328214,0
2776,5909991328405,0
2777,5909991328436,0
2778,5909990741366,0
2779,5909990741472,0
2780,5909990741595,0
2781,5909990741878,0
2782,5909991184827,0
2784,5909991184865,0
2786,5909991184902,0
2788,5909991184742,0
2790,5909991184940,0
2792,5909991281465,0
2793,5909991281472,0
2794,5909991281489,0
2795,5909990861194,0
2796,5909990861200,0
2797,5909990861187,0
2798,5909990723164,0
2800,5909990621026,0
2801,5909990621040,0
2802,5909991246525,0
2803,5909991128814,0
2804,5909991246532,0
2805,5909991128418,0
2806,5909990478767,0
2807,5909990478774,0
2808,5909990689842,0
2809,5909990689859,0
2810,5909991245399,0
2811,5909991245337,0
2812,5909990085033,0
2813,5909990082643,0
2814,5909990645640,0
2815,5909990645732,0
2816,5909990845521,0
2817,5909990845552,0
2818,5909990075041,0
2819,5909990075003,0
2820,5909991448967,0
2821,5909990075089,0
2822,5909991448974,0
2823,5909990075126,0
2824,5909990892761,0
2825,5909991186371,0
2826,5909990892853,0
2827,5909991186418,0
2828,5909991046897,0
2829,5909991046941,0
2830,5909990817184,0
2831,5909990817320,0
2832,5909990698974,0
2833,5909990698981,0
2834,5909990699209,0
2835,5909990793907,0
2836,5909990794188,0
2837,5909991139759,0
2838,5907553017927,0
2839,5909991035631,0
2840,5907553017934,0
2841,5909990652334,0
2842,5909991069681,0
2843,5909990652372,0
2844,5909990730100,0
2845,5909990730179,0
2846,5909990047109,0
2847,5909990425877,0
2848,5909990425884,0
2849,5909991323615,0
2850,5909991323646,0
2851,5909990655724,0
2852,5909990798346,0
2853,5909990010189,0
2854,5909990010202,0
2855,5909991006310,0
2856,5909990570515,0
2857,5909990126217,0
2858,5909990858514,0
2859,5909991033453,0
2860,5909990858415,0
2861,5909990914838,0
2862,5909991033422,0
2863,5909990199518,0
2864,5909990202614,0
2865,5906745439141,0
2866,5909991137571,0
2867,5909991137526,0
2868,5909991137472,0
2869,5909991137212,0
2870,5909991316600,0
2871,5909991050290,0
2872,5909991050344,0
2873,5909990569311,0
2874,5909990908189,0
2875,5909990908158,0
2876,5909990908264,0
2877,5909990908233,0
2878,5909990336081,0
2879,5909990337774,0
2880,5909990669400,0
2881,5909990669332,0
2882,5909990669387,0
2883,5909990669301,0
2884,5909990707782,0
2885,5909990055029,0
2886,5909990715206,0
2887,5909990055678,0
2888,5909990260614,0
2889,5909990812615,0
2890,5909990071029,0
2891,5909990363223,0
2892,5909990070916,0
2893,5909990070923,0
2894,5909990071012,0
2895,5909990093519,0
2896,5909990772810,0
2897,5909990237524,0
2898,5909990846320,0
2899,5909990975310,0
2900,5055565754351,0
2901,8595112678152,0
2902,5901797710743,0
2903,7613421033408,0
2904,5909991368562,0
2905,5909991422059,0
2906,5909991238773,0
2907,5909991238582,0
2908,5909991238629,0
2909,5909991238667,0
2910,5904374007946,0
2911,5909991356712,0
2912,5909991289416,0
2914,5909990405312,0
2916,5909990405411,0
2918,5909990641192,0
2920,5909990641185,0
2922,5909990009350,0
2923,5901878600550,0
2924,5909990009367,0
2925,5903792743252,0
2926,5909990009282,0
2927,5909990009299,0
2928,5901878600543,0
2929,5909991378295,0
2930,5909991378356,0
2931,5909991378226,0
2932,5909991400460,0
2933,5909991400477,0
2934,5909991400484,0
2935,5909991421236,0
2936,5909991400453,0
2937,5907626705072,0
2938,5907626704839,0
2939,5909991076207,0
2940,5909991103231,0
2941,5909991076238,0
2942,5909990569380,0
2943,5906414002355,0
2944,5909990034123,0
2945,5909991033590,0
2946,5909990112111,0
2947,5909990112210,0
2948,5909991033507,0
2949,5909990263516,0
2950,5909991014421,0
2952,5909990910762,0
2953,5909990910779,0
2954,5909990897780,0
2955,5909990719853,0
2956,5909990720163,0
2957,5909990719389,0
2958,5909990720309,0
2959,5909991326319,0
2960,5909991326371,0
2961,5909991326432,0
2962,5909990806362,0
2963,5909990806386,0
2964,5909990806355,0
2965,5909990722365,0
2966,5909990722426,0
2967,5909990722327,0
2968,5909990055562,0
2969,5909990055593,0
2970,5909990055531,0
2971,5909990055630,0
2972,5909991219420,0
2973,5909991219468,0
2974,5909991219505,0
2975,5909991219543,0
2976,5909991219383,0
2977,5909990058785,0
2978,5909990058778,0
2979,5909990081233,0
2980,5909990058761,0
2981,5909990058754,0
2982,5909990081196,0
2983,5909990058808,0
2984,5909990779062,0
2985,5909990430857,0
2986,5909990430888,0
2987,5909990430840,0
2988,5909991219901,0
2989,5909991219963,0
2990,5909991220020,0
2991,5909991219758,0
2992,5909990074143,0
2993,5909990074235,0
2994,5909990074068,0
2995,5909990074280,0
2996,5909991205591,0
2997,5909991205676,0
2998,5909991205737,0
2999,5909991380922,0
3000,5909991255367,0
3001,5909990688234,0
3002,5909990688272,0
3003,5909990688296,0
3004,5909990688241,0
3005,5909990688265,0
3006,5906414000894,0
3007,5909990965373,0
3008,5909990965403,0
3009,5909990965441,0
3010,5909990965335,0
3011,5909990788590,0
3012,5909990788651,0
3013,5909990788583,0
3014,5909990788675,0
3015,5909991358570,0
3016,5909991358648,0
3017,5909991358792,0
3018,5909991358945,0
3019,5909991358495,0
3020,5909991435813,0
3021,5909990938544,0
3022,5909990938704,0
3023,5901384806057,0
3024,5909990938766,0
3025,5909990736393,0
3026,5909990736461,0
3027,5909990736492,0
3028,5909991087180,0
3029,5909991087258,0
3030,5909991087005,0
3031,5909991165710,0
3032,5909990707010,0
3033,5909990707119,0
3034,5909991080129,0
3035,5909990706914,0
3036,5909991125516,0
3037,5909991125615,0
3038,5909990953882,0
3039,5909991125417,0
3040,5909991340766,0
3041,5909991308971,0
3042,5909990571468,0
3043,5909990571475,0
3044,5909990571499,0
3045,5909990571505,0
3046,5909990653379,0
3047,5909990653355,0
3048,5909990653362,0
3049,5909990337989,0
3050,5909990337958,0
3051,5909990337972,0
3052,5909990661756,0
3053,5909991344603,0
3054,5909991369910,0
3055,5909990212170,0
3056,5909991369903,0
3057,5909990212248,0
3058,5909990924653,0
3059,5909990694655,0
3060,5909990924608,0
3061,5909990924646,0
3062,5909990694631,0
3063,5909991093334,0
3064,5909991093280,0
3065,5909991093303,0
3066,5909991326012,0
3067,5909991325893,0
3068,5909991325954,0
3069,5909991316655,0
3070,5909991316464,0
3071,5909990017461,0
3072,5909990017447,0
3073,5909990017454,0
3074,5909990047987,0
3075,5909990047949,0
3076,5909990047963,0
3077,5909991414153,0
3078,5909991447540,0
3079,5909991411640,0
3080,5909991402006,0
3081,5909991427153,0
3082,5909991463403,0
3083,5909991401566,0
3084,5909990916016,0
3085,5909990478217,0
3086,5909990478316,0
3087,5909991447939,0
3088,5909991427276,0
3089,5909991461973,0
3090,5909990610532,0
3091,5909991004392,0
3092,5909990610440,0
3093,5909991004378,0
3094,5909991447953,0
3095,5909991427252,0
3096,5909991461959,0
3097,5909990610495,0
3098,5909991004385,0
3099,5909990936885,0
3100,5909990936854,0
3101,5909990936809,0
3102,5909990936779,0
3103,5909991142759,0
3104,5909991142728,0
3105,5909991142636,0
3106,5909991142643,0
3107,5909991142681,0
3108,5909991142674,0
3109,5909991142520,0
3110,5909991142513,0
3111,5903060611542,0
3112,5903060611504,0
3113,5903060611467,0
3114,5903060611429,0
3115,5907626709520,0
3116,5907626709513,0
3117,5907626709506,0
3118,5907626709490,0
3119,5909990973118,0
3120,5909990973217,0
3121,5909990573233,0
3122,5909990573226,0
3123,5909990885312,0
3124,5909990885411,0
3125,5909991352868,0
3126,5909990085019,0
3127,5909990084913,0
3128,5909990086115,0
3129,5909990086214,0
3130,5909990928156,0
3131,5909990831258,0
3132,5909990831265,0
3133,5909990690138,0
3134,5909990831272,0
3135,5909990831289,0
3136,5909990831296,0
3137,5909990044481,0
3138,5909990044344,0
3139,5909990044252,0
3140,5909990044146,0
3141,5909990336524,0
3142,5909990336548,0
3143,5909990336487,0
3144,5909990336500,0
3145,5909990336555,0
3146,5909990336579,0
3147,5909990336586,0
3148,5909990336609,0
3149,5909990670413,0
3150,5909990423828,0
3151,5909990670512,0
3152,5909990670611,0
3153,5909990670710,0
3154,5909991058227,0
3155,5909991058128,0
3156,5909991058029,0
3157,5909990567683,0
3158,5909990721405,0
3159,5909990721399,0
3160,5909990567737,0
3161,5909990567935,0
3162,5909990568031,0
3163,5909990034932,0
3164,5909990680849,0
3165,5909990034994,0
3166,5909990680863,0
3167,5909990658145,0
3168,5909990910601,0
3169,5909990910663,0
3170,5909990910700,0
3171,5909991078386,0
3172,5909991421762,0
3173,5909991439415,0
3174,5909991078454,0
3175,5909991032609,0
3176,5909990066704,0
3177,5909990066766,0
3178,5909990700646,0
3179,5909990700660,0
3180,5909990700684,0
3181,5909990700691,0
3182,5909990700721,0
3183,5909990700707,0
3184,5909990700738,0
3185,5909990700745,0
3186,5909990700769,0
3187,5909990700752,0
3188,5909990700790,0
3189,5909990700806,0
3190,5909990700851,0
3191,5909990700844,0
3192,5909990782048,0
3193,5909990782055,0
3194,5909990782079,0
3195,5909990782086,0
3196,5909990782147,0
3197,5909990782154,0
3198,5909990782178,0
3199,5909990782185,0
3200,5909990816255,0
3201,5909990816262,0
3202,5909990816279,0
3203,5909990816286,0
3204,5909990816293,0
3205,5909990982981,0
3206,5909990983162,0
3207,5909990983179,0
3208,5909990983308,0
3209,5909990983322,0
3210,5909990983506,0
3211,5909990983544,0
3212,5909990778935,0
3213,5909990778942,0
3214,5909990778973,0
3215,5909990779000,0
3216,5909991078294,0
3217,5909991078348,0
3218,5909991067595,0
3219,5909991067632,0
3220,5909990877683,0
3221,5909990878000,0
3222,5909990878086,0
3223,5909990992607,0
3224,5909990992683,0
3225,5909990992775,0
3226,5909990731954,0
3227,5909990731985,0
3228,5909990732074,0
3229,5909990732227,0
3230,5909990732333,0
3231,5909990998586,0
3232,5909990998982,0
3233,5909990999156,0
3234,5909991049294,0
3235,5909991049355,0
3236,5909991049393,0
3237,5909990990085,0
3238,5909990990092,0
3239,5909990990108,0
3240,5909990988198,0
3241,5909990988204,0
3242,5909990988242,0
3243,5909990983582,0
3244,5909990983803,0
3245,5909990983971,0
3246,5909990013685,0
3247,5909990013890,0
3248,5909990013586,0
3249,5909990013968,0
3250,5909990644728,0
3251,5909990644612,0
3252,5909990644636,0
3253,5909990855766,0
3254,5909991033781,0
3255,5909991391485,0
3256,5909990855773,0
3257,5909991033798,0
3258,5909991391683,0
3259,5909990855780,0
3260,5909991033804,0
3261,5909990963874,0
3262,5909990964239,0
3263,5909990964321,0
3264,5909991021184,0
3265,5909991021337,0
3266,5909991021375,0
3267,5909991000141,0
3268,5909991375799,0
3269,5909991000158,0
3270,5909991476984,0
3271,5909991375812,0
3272,5909991000165,0
3273,5909991000103,0
3274,5909991375775,0
3275,5909990919604,0
3276,5909991435950,0
3277,5909990919659,0
3278,5909991435981,0
3279,5909990919673,0
3280,5909990919574,0
3281,5909991085674,0
3282,5909991085698,0
3283,5909991085759,0
3284,5909991085773,0
3285,5909991085841,0
3286,5909991085865,0
3287,5909991085599,0
3288,5909991085636,0
3289,5909991425883,0
3290,5909991425906,0
3291,5909991425920,0
3292,5909991422875,0
3293,5909990895250,0
3294,5909990895304,0
3295,5909990895380,0
3296,5909990895403,0
3297,5909990895458,0
3298,5909990895533,0
3299,5909990895588,0
3300,5909990895663,0
3301,5909990895687,0
3302,5909990895724,0
3303,5909990895786,0
3304,5909990895892,0
3305,5909990895106,0
3306,5909990895182,0
3307,5909990791743,0
3308,5909990791781,0
3309,5909990791873,0
3310,5909990791927,0
3311,5909990792009,0
3312,5909990792061,0
3313,5909990791606,0
3314,5909990802623,0
3315,5909990802647,0
3316,5909991333959,0
3317,5909991333973,0
3318,5909990802685,0
3319,5909990802708,0
3320,5909991334062,0
3321,5909991334086,0
3322,5909990802753,0
3323,5909990802777,0
3324,5909990802562,0
3325,5909990802586,0
3326,5909990777785,0
3327,5997001369333,0
3328,5909991347079,0
3329,5909990777839,0
3330,5997001369340,0
3331,5909991347109,0
3332,5909990777853,0
3333,3838989707057,0
3334,3838989707064,0
3335,5906414003352,0
3336,5906414003369,0
3337,5906414003383,0
3338,5906414003390,0
3339,5906414003321,0
3340,5906414003338,0
3341,5909991463816,0
3342,5909991463830,0
3343,5909991463762,0
3344,5907626708493,0
3345,5907626709315,0
3346,5907626708509,0
3347,5907626709322,0
3348,5907626708486,0
3349,5907626709308,0
3350,5909990847914,0
3351,5909990848010,0
3352,5909991429881,0
3353,5909990848065,0
3354,5909991106928,0
3355,5909991107826,0
3356,5909990764150,0
3357,5909990317516,0
3358,5909990442010,0
3359,5909991206390,0
3360,5909991109424,0
3361,5909991109431,0
3362,5909990867653,0
3363,5909990623099,0
3364,5909990437825,0
3365,5909990746026,0
3366,5909990404315,0
3367,5909991389901,0
3368,5909991389918,0
3369,5909991389956,0
3370,5909991089313,0
3371,5909991089412,0
3372,5909991089214,0
3373,5909990422685,0
3374,5909990422692,0
3375,5909991355739,0
3376,5909991355654,0
3377,5909990963317,0
3378,5909990963218,0
3379,5909990804368,0
3380,5909990804344,0
3381,5909991279615,0
3382,5909991279622,0
3383,5909991279660,0
3384,5909991279516,0
3385,5909991279523,0
3386,5909991279561,0
3387,5909990046621,0
3388,5909990046690,0
3389,5909990919987,0
3390,5909990919888,0
3391,5909990663163,0
3392,5909990663040,0
3393,5909990571963,0
3394,5909990571925,0
3395,5909990994816,0
3396,5909990753215,0
3397,5909990753116,0
3398,5909990569472,0
3399,5909990013982,0
3400,5909991418885,0
3401,5909991418960,0
3402,5391519923528,0
3403,5391519923535,0
3404,5391519923542,0
3405,5909990618279,0
3406,5909990618286,0
3407,5909990618293,0
3408,5909990649532,0
3409,5909990649655,0
3410,5909991019723,0
3411,5909991019822,0
3412,5909991019945,0
3413,5909990940110,0
3414,5909990940219,0
3415,5909990940318,0
3416,5909990941025,0
3417,5909990941124,0
3418,5909990941223,0
3419,5909990743650,0
3420,5909990743667,0
3421,5909990623273,0
3422,5909990623297,0
3423,5909990623334,0
3424,5909990731565,0
3425,5909990731671,0
3426,5909990723591,0
3427,5909990723812,0
3428,5909990723829,0
3429,5909990724031,0
3430,5907553016012,0
3431,5907553016029,0
3432,5909990927616,0
3433,5909990927715,0
3434,5909990927838,0
3435,5909990914012,0
3436,5909990914111,0
3437,5909990982714,0
3438,5909991073114,0
3439,5909991073213,0
3440,5909990935116,0
3441,5909990055722,0
3442,5909990935215,0
3443,5909990935314,0
3444,5909990365913,0
3445,5909990366026,0
3446,5909990769124,0
3447,5909990985210,0
3448,5909990893645,0
3449,5906414003758,0
3450,5906414003741,0
3451,5909991349325,0
3452,5909991349226,0
3453,5909991405960,0
3454,5909991405991,0
3455,5909991405922,0
3456,5909991405953,0
3457,5909991339135,0
3458,5909991422394,0
3459,5909991340896,0
3460,5909991340872,0
3461,5909991351304,0
3462,5909991351298,0
3463,5901720140388,0
3464,5901720140340,0
3465,5909991371777,0
3466,5909991371753,0
3467,5909991312640,0
3468,5909991312633,0
3469,5909991140069,0
3470,5909991139995,0
3471,5906720536148,0
3472,5906720536117,0
3473,5909991382315,0
3474,5909991382308,0
3475,5909991382285,0
3476,5909991382278,0
3477,5909991357160,0
3478,5909990309115,0
3479,5909990309016,0
3480,5909990098613,0
3481,5909990692118,0
3482,5909990965977,0
3483,5909990965861,0
3484,5909990965854,0
3485,5909990965885,0
3486,5909990965878,0
3487,5909990110223,0
3488,5909990110216,0
3489,5909991244651,0
3490,5909991244668,0
3491,5909990673124,0
3492,5909990488513,0
3493,5909990117215,0
3494,5909990488414,0
3495,5909990017294,0
3496,5909990017232,0
3497,5909990017331,0
3498,5909990017263,0
3499,5909990312610,0
3500,5909990117819,0
3501,5909990117529,0
3502,5909990117611,0
3503,5909990117710,0
3504,5909990864423,0
3506,5909990864416,0
3508,5909990283323,0
3510,5909990283316,0
3512,5909990283217,0
3514,5909991380410,0
3515,5909991380465,0
3516,5909991380373,0
3517,5909990159314,0
3518,5909990159437,0
3519,5909990159512,0
3520,5909990065110,0
3521,5000456061346,0
3522,5909990737420,0
3523,5909990064748,0
3524,5909990051052,0
3525,5909990051076,0
3526,5909990699957,0
3527,5909990051137,0
3528,7613421037024,0
3529,7613421037000,0
3530,7613421037048,0
3531,7613421037031,0
3532,7613421037017,0
3533,5909991192709,0
3534,5909991192730,0
3535,5909991192754,0
3536,5909991192761,0
3537,5909991148713,0
3538,5909990447213,0
3539,5909990447312,0
3540,5909991372927,0
3541,5909991220327,0
3542,5909990331017,0
3543,5909990775316,0
3544,5909990622726,0
3545,5906414001501,0
3546,5900411005920,0
3547,5900411005883,0
3548,5900411005906,0
3549,5909990045006,0
3550,5909990900794,0
3551,5909990894598,0
3552,5909990894642,0
3553,5909990573585,0
3554,5909990573592,0
3555,5909990586196,0
3556,5909990573257,0
3557,5909990048007,0
3558,5909991092184,0
3559,5909990044382,0
3560,5909991136321,0
3561,5909991332709,0
3562,5909990980451,0
3563,5909990570386,0
3564,5907626708400,0
3565,5907626708417,0
3566,9008732011845,0
3567,5909990565948,0
3568,5909990570690,0
3569,5909990430895,0
3570,5909990847808,0
3571,5909990566068,0
3572,5909990566075,0
3573,5907587609235,0
3574,5909991191221,0
3575,5909991191214,0
3576,5909991199081,0
3577,5909997216393,0
3578,5909990566280,0
3579,5909990716418,0
3580,5909990219070,0
3581,5909990865598,0
3582,5909990865635,0
3583,5909990865666,0
3584,5909990865697,0
3585,5909990865567,0
3586,5909990974887,0
3587,5909990974993,0
3588,5909990891832,0
3589,5909990891863,0
3590,5909990440825,0
3591,5909990936670,0
3592,5909990936700,0
3593,5909991060220,0
3594,5909991060268,0
3595,5909991391713,0
3596,5909991391720,0
3597,5909991036768,0
3598,5909991461355,0
3599,5909991229801,0
3600,5909991036867,0
3601,5909991388003,0
3602,5909991388034,0
3603,5909991018429,0
3604,5909991018436,0
3605,5909990974863,0
3606,5909990974979,0
3607,5909990902002,0
3608,5909990902095,0
3609,5909991453060,0
3610,5909991423551,0
3611,5909990818082,0
3612,5909991453077,0
3613,5909991423568,0
3614,5909991086626,0
3615,5909991453299,0
3616,5909991423575,0
3617,5909990818150,0
3618,5909991453305,0
3619,5909991423582,0
3620,5909991086633,0
3621,5909997077604,0
3622,5909997077628,0
3623,5909997077635,0
3624,5901878600901,0
3625,5903792743566,0
3626,5909997077673,0
3627,5901878600864,0
3628,5903792743542,0
3629,5909997077697,0
3630,5901878600871,0
3631,5903792743559,0
3632,5909997077703,0
3633,5909990840472,0
3634,5909990840489,0
3635,5909990840557,0
3636,5909990840564,0
3637,5909990941841,0
3638,5909990941926,0
3639,5903060616684,0
3640,5903060616660,0
3641,5903060616721,0
3642,5903060616707,0
3643,5909991338626,0
3644,5909991338541,0
3645,5909991338787,0
3646,5909991338701,0
3647,5909991056247,0
3648,5909991056773,0
3649,5909991080051,0
3650,5909991080174,0
3651,5909991020026,0
3652,5909990653027,0
3653,5909991079451,0
3654,5909991079598,0
3655,5909991079703,0
3656,5909991388157,0
3657,5909991388188,0
3658,5909991388218,0
3659,5909991073732,0
3660,5909991073848,0
3661,5909991073909,0
3662,5909991410667,0
3663,5909991421816,0
3664,5909991417932,0
3665,5909991417963,0
3666,5909991418007,0
3667,5909991082338,0
3668,5909991082529,0
3669,5909991082598,0
3670,5909991095994,0
3671,5909991096007,0
3672,5909991096038,0
3673,5909991096045,0
3674,5909991096069,0
3675,5909991096076,0
3676,5909991045180,0
3677,5909991045203,0
3678,5909991045265,0
3679,5909991045692,0
3680,5909991045722,0
3681,5909991045746,0
3682,5909991045807,0
3683,5909991045852,0
3684,5909991045876,0
3685,5909991081874,0
3686,5909991081898,0
3687,5909991081942,0
3688,5909991081966,0
3689,5909991082062,0
3690,5909991082086,0
3691,5909991226381,0
3692,5909991330040,0
3693,5909991226398,0
3694,5909991330057,0
3695,5909991226404,0
3696,5909991330064,0
3697,5909990768011,0
3699,5909990767816,0
3701,5909990767915,0
3703,5909990484119,0
3705,5909990484317,0
3707,5909990621057,0
3708,5909990621064,0
3709,5909990419043,0
3710,5909990419050,0
3711,5909990645503,0
3712,5909990662494,0
3713,5909990653614,0
3714,5909990653621,0
3715,5909990908165,0
3716,5909990908134,0
3717,5909990908240,0
3718,5909990908196,0
3719,5906414001860,0
3720,5906414001877,0
3721,5906414001839,0
3722,5906414001846,0
3723,5906414001921,0
3724,5906414001938,0
3725,5906414001891,0
3726,5906414001907,0
3727,5909990850167,0
3728,5909990746569,0
3729,5909990805594,0
3730,5909990803910,0
3731,9120099670104,0
3732,9120099670111,0
3733,5909990261215,0
3734,5909990242511,0
3736,5909990058839,0
3737,5909990058846,0
3738,5909990058822,0
3739,5909990997152,0
3740,5909991290016,0
3741,5909991265984,0
3742,5909991267131,0
3743,5909990370214,0
3744,5909990875245,0
3745,5909991201821,0
3746,5909990667116,0
3747,5909990334971,0
3748,5909990187713,0
3749,5909990073610,0
3750,5909990073719,0
3751,5909990185214,0
3752,5909991299545,0
3754,5909990985111,0
3756,5909990985128,0
3758,5909990735839,0
3759,5909991253998,0
3761,5909991254001,0
3763,5909990671410,0
3764,5909990784486,0
3765,5909990648641,0
3766,5909991055271,0
3767,5909991139520,0
3768,5909991035235,0
3769,5909991035549,0
3770,5909991023485,0
3771,5909991023522,0
3772,5909991008642,0
3773,5909991008666,0
3774,5909991008680,0
3775,5909991437473,0
3776,5909990649594,0
3777,5909990649617,0
3778,5909990649556,0
3779,5909990649570,0
3780,5909990061495,0
3781,5909990061464,0
3782,5909990061488,0
3783,5909990061471,0
3784,5909990715169,0
3785,5909990715084,0
3786,5909990715145,0
3787,5909990759019,0
3788,5909990759118,0
3789,5909990758814,0
3790,5909990758913,0
3791,5909990671496,0
3792,5909990671502,0
3793,5909990671472,0
3794,5909990671489,0
3795,5909990969012,0
3797,5909990969029,0
3799,5909990968718,0
3801,5909990967612,0
3803,5909990967629,0
3805,5909990967636,0
3807,5909990967711,0
3809,5909990967728,0
3811,5909990967735,0
3813,5909990967810,0
3815,5909990967827,0
3817,5909990967834,0
3819,5909991362300,0
3821,3838989704100,0
3823,3838989704117,0
3825,3838989704124,0
3827,3838989704131,0
3829,3838989704148,0
3831,3838989704155,0
3833,5909991376819,0
3835,5909990294718,0
3837,5909990294619,0
3839,5909990253913,0
3841,5909990253920,0
3843,5909990253616,0
3845,5909990253814,0
3847,5909990253821,0
3849,5909990786213,0
3851,5909990786220,0
3853,5909990786237,0
3855,5909990786312,0
3857,5909990786329,0
3859,5909990786336,0
3861,5909990786411,0
3863,5909990786428,0
3865,5909990786435,0
3867,5909990780303,0
3869,5909990780334,0
3871,5909990780341,0
3873,5909990735167,0
3875,5909991143923,0
3877,5909990936595,0
3879,5909991143930,0
3881,5909990971763,0
3883,5909990971794,0
3885,3830070471243,0
3887,5909990806287,0
3889,5909990806294,0
3891,5909990806300,0
3893,5909991195076,0
3895,5909990840984,0
3897,5909990840991,0
3899,5909990841004,0
3901,5909990981472,0
3903,5909990959563,0
3905,5909990959457,0
3907,5909990959488,0
3909,5909991283735,0
3911,5909991283742,0
3913,5909991283759,0
3915,5909991283766,0
3917,5906414003161,0
3918,5906414003178,0
3919,5900411002554,0
3920,5909990942619,0
3921,5909991197629,0
3922,5909991321949,0
3923,5909991321956,0
3924,5909990586172,0
3925,5909991347802,0
3926,5909991347819,0
3927,5909991347826,0
3928,5909991447106,0
3929,5909991350420,0
3930,5909990918720,0
3931,5909990715497,0
3932,5909990918621,0
3933,5909991094645,0
3934,5909991094799,0
3935,5909990915446,0
3936,5909990894413,0
3937,5909990486915,0
3938,5909990707553,0
3939,5909990125524,0
3940,5909990125623,0
3941,5909991108953,0
3942,5909991108984,0
3943,5909991083212,0
3944,5909991347352,0
3945,5909991228620,0
3946,5902768001082,0
3947,5909991284381,0
3948,5909990773763,0
3949,5909990773695,0
3950,5909990751877,0
3951,5909990751594,0
3952,5909990929214,0
3953,5909990831067,0
3954,5909990831081,0
3955,5909990831159,0
3956,5909990830961,0
3957,5909990830985,0
3958,5909990682065,0
3959,5909990681877,0
3960,5909990074969,0
3961,5909990818983,0
3962,5909990818990,0
3963,5909991460914,0
3964,5909991455798,0
3965,5909990779147,0
3966,5909990074945,0
3967,5909990818853,0
3968,5909990818860,0
3969,5909991282608,0
3970,5909991282455,0
3971,5909990804580,0
3972,5909991088118,0
3973,5909990804542,0
3974,5909991088101,0
3975,5909991202330,0
3976,5909991202286,0
3977,5909990827480,0
3978,5909990827459,0
3979,5909991325749,0
3980,5909991325572,0
3981,5909990874255,0
3982,5909991282028,0
3983,5909991305949,0
3984,5909990740864,0
3985,5909990740833,0
3986,5909990829989,0
3987,5909990830008,0
3988,5909990830107,0
3989,5909990830138,0
3990,5909990830176,0
3991,5909990830244,0
3992,5909990829927,0
3993,5909990829941,0
3994,5909990740246,0
3995,5909990740253,0
3996,5909990740260,0
3997,5909990740277,0
3998,5909990740284,0
3999,5909990740291,0
4000,5909990847464,0
4001,5909990847501,0
4002,5909990740192,0
4003,5909990740208,0
4004,5909990740239,0
4005,5909990704132,0
4006,5909990704262,0
4007,5909990801961,0
4008,5909991067557,0
4009,5909990802005,0
4010,5909991067564,0
4011,5909990862375,0
4012,5909990862399,0
4013,5909990862351,0
4014,5909990047956,0
4015,5909991394400,0
4016,5909991383886,0
4017,5909991197735,0
4018,5909990047901,0
4019,5909990047895,0
4020,5909991383978,0
4021,5909991394318,0
4022,5909991197728,0
4023,5909990660650,0
4024,5909990660636,0
4025,5909990660643,0
4026,5909990494019,0
4027,5909990493913,0
4028,5909990715374,0
4029,5909990715299,0
4030,5909990715350,0
4031,5909990721528,0
4032,5909990721498,0
4033,5909990721504,0
4034,5909990691883,0
4035,5909990691760,0
4036,5909990691906,0
4037,5909991377168,0
4038,5909991377502,0
4039,5909991377359,0
4040,5909990795826,0
4041,5909990795833,0
4042,5909990795802,0
4043,5909990795819,0
4044,5909990795789,0
4045,5909990795796,0
4046,5909990727520,0
4047,5909990727490,0
4048,5909990727506,0
4049,5909991092030,0
4050,5909991135096,0
4051,5909991091996,0
4052,5909991093815,0
4053,5909991093822,0
4054,5909991093914,0
4055,5909991093921,0
4056,5909990056293,0
4057,5909990055982,0
4058,5909990056279,0
4059,5909990767625,0
4060,5909990767601,0
4061,5909990424672,0
4062,5909990040971,0
4063,5909990040995,0
4064,5909990045419,0
4065,5909990045211,0
4066,5909990045310,0
4067,5909990312818,0
4069,5909990832712,0
4071,5909991063177,0
4072,5055565731536,0
4073,5702157142187,0
4074,5702150152749,0
4075,5909990622368,0
4076,5909990622382,0
4077,5909990766871,0
4078,5909990681228,0
4079,5909990189212,0
4080,5909990189229,0
4081,5909990126729,0
4082,5909990126828,0
4195,5909991471248,0
4302,5909991343279,0
4481,5909991479992,0
4732,5909991474119,0
4733,5909991470005,0
4751,5909991475680,0
4752,5909991475925,0
4753,5909991475697,0
4754,5909991475932,0
4755,5909991475758,0
4757,5909991475666,0
4758,5909991475482,0
4759,5909991475673,0
4760,5909991475499,0
4951,5909991474409,0
4953,5909991474416,0
4971,4987084303585,0
5107,5909991480172,0
5109,5909991480189,0
5119,5909991472535,0
5306,5909991480745,0
5308,5909991480752,0
5311,5909991468699,0
5314,5909991468651,0
5538,5909991423452,0
5539,5909991423506,0
5540,5909991423445,0
5657,8595566451974,0
5751,5909991469306,0
6056,8595566452292,0
6087,5909991439705,0
6088,5909991439699,0
6089,5909991439729,0
6090,5909991439712,0
6091,5909991439743,0
6092,5909991439736,0
6093,5909991439750,0
6094,5909991439774,0
6095,5909991439682,0
6096,5909991439675,0
6488,5909991422462,0
6892,5909991459789,0
6895,5909991459796,0
6939,5909991467715,0
6941,5909991467685,0
6943,5909991467678,0
6945,5909991467647,0
7524,5909990055920,0
7525,5909990929771,0
7629,5909991470685,0
7631,5909991470692,0
7969,8595566452230,0
7971,8595566452247,0
7973,8595566452254,0
8140,7613421058876,0
8141,7613421058883,0
8293,5909991478148,0
8486,9008732012224,0
8487,9008732012231,0
8630,8025153006800,0
8828,5909991475505,0
9040,5909991480424,0
9190,5909991484729,0
9195,5909991472603,0
9218,5909991487270,0
9389,5909991456351,0
9591,5909991462932,0
9592,5909991462871,0
9593,5909991463151,0
9744,5997001372043,0
9901,5909991306236,0
10030,5900257102555,0
10060,5909990710256,0
10192,5909991477790,0
10540,5909991449599,0
10541,5909991449568,0
10542,5909991449575,0
10543,5909991449582,0
10716,5909991480592,0
10719,5909991480622,0
11204,5909991477813,0
11208,5909991338268,0
11209,5909991479305,0
11229,5909991458348,0
11237,5909991482398,0
11238,5909991480448,0
11323,5909991478117,0
11530,5909991483807,0
11556,5909991418984,0
11605,5909991424558,0
11606,5909991421137,0
11607,5900411004657,0
11608,5900411003551,0
11609,5900411002998,0
11611,5909991451172,0
11612,5909991451042,0
11791,5903792743580,0
12010,5909991480691,0
12014,5909991480707,0
12128,5909991483036,0
12306,5208063003388,0
12482,5909991474027,0
12485,5909991474034,0
12717,5909990058747,0
13305,5909991473341,0
13474,5909991460495,0
13475,5909991460501,0
13504,5909991195755,0
13506,5909991195762,0
13905,5909991484712,0
13907,5909991474461,0
14013,5909991398606,0
14014,5909991398620,0
14070,5909991496296,0
14139,5909991466138,0
14140,5909991466145,0
14226,5909991490843,0
14411,5909991454722,0
14412,5909991454654,0
14413,5909991454708,0
14584,5995327187068,0
14585,5995327187051,0
14586,5995327187082,0
14587,5995327187129,0
14588,5995327187112,0
14589,5995327187143,0
14590,5995327187181,0
14591,5995327187174,0
14592,5995327187242,0
14593,5995327187235,0
14594,5995327187297,0
14595,5995327187020,0
14666,5909991472023,0
14668,5909991472030,0
15526,5909991475079,0
15527,5909991475086,0
15528,5909991475093,0
15529,5909991475062,0
15688,5909991480509,0
15689,5907594032880,0
15690,5995327182650,0
15691,5995327182667,0
15692,3838989721473,0
15694,5907626709803,0
15696,5903792662263,0
15697,5909991481131,0
15698,5909991473174,0
15699,5909991473105,0
15700,5905669739351,0
15704,5907626709728,0
15705,5909991483739,0
15707,3838989744557,0
15708,3838989744571,0
15709,5909991483265,0
15710,5909991488659,0
15815,5909991496791,0
15818,5909991496807,0
16215,5909991345815,0
16216,5909991345785,0
16249,5909991323837,0
16250,5909991323875,0
16251,5909991323783,0
16312,5909991481711,0
16342,5901812162076,0
16345,5909991372385,0
16346,5909991457556,0
16347,5909991457570,0
16348,5909991401863,0
16349,5909991401887,0
16934,4032717994439,0
17008,5909991499655,0
17016,5909991496456,0
17021,5909991496463,0
17212,5909991458997,0
17213,5909991459161,0
17214,5909991459062,0
17215,5909991459093,0
17216,5909991458966,0
17388,5909991499785,0
17391,5909991499792,0
17581,5909991423636,0
17583,5909991231071,0
17683,7613421054557,0
17684,7613421054564,0
17685,7613421054571,0
17887,5909991447557,0
17888,5909991447595,0
17889,5909991447632,0
18076,5909991315948,0
18077,5909991315924,0
18710,6432100058607,0
18711,5909991303570,0
19158,5995327188713,0
19159,5995327188720,0
19160,5995327188706,0
19161,5900411009065,0
19162,5900411009058,0
19163,5900411009089,0
19164,5900411009072,0
19165,5909991475468,0
19166,5909991475475,0
19167,5909991475420,0
19443,5909991452100,0
19454,5909991480523,0
19509,5909991457952,0
19510,5909991457921,0
19511,5909991457891,0
19644,5909991496579,0
19646,5909991496586,0
19710,5909991397623,0
19712,5909991397456,0
19834,5909991420970,0
19845,5909991483647,0
19847,5907594033207,0
19858,5909991461393,0
19859,5909991461317,0
19866,5909991314620,0
20167,5909991456276,0
20302,5909991482060,0
20304,5909991482077,0
20487,5909991492724,0
20488,5909991492731,0
22444,5909990998357,0
22447,5909990998203,0
22449,5909990998272,0
22762,5909991196110,0
22763,5909991195977,0
22764,5909991196042,0
24065,5909990783489,0
24066,5909990783571,0
24067,5909990783533,0
24241,5909991463557,0
